date,player_id,player_name,team,prop_type,lineup_status,lineup_position,verdict,logged_at,actual_result,actual_stat_value,model_probability,sportsbook_odds,sportsbook_line,implied_probability,edge,best_book,barrel_pct,ev50,exit_velocity,launch_angle_pct,hr_fb_ratio,xwoba,hard_hit_pct,sweet_spot_pct,xba,whiff_pct,pitcher_hr9,pitcher_xera,park_factor,platoon_adv,weather_adjustment
2026-05-01,500743,Miguel Rojas,LAD,hr,probable_recent,6,NO,2026-05-02T03:04:41.858985+00:00,0,0.0,0.0441,,,,,,0.0,0.0,,,0.0,0.384,0.0,0.0,0.21,0.0,2.0,5.82,,0.38,0.0
2026-05-01,502671,Paul Goldschmidt,NYY,hr,official,1,LEAN,2026-05-02T03:04:41.848541+00:00,0,0.0,0.1313,,,,,,0.152,102.600371,,,0.0,0.405,0.5,0.45,0.277,0.145,1.65,3.64,,0.38,0.0
2026-05-01,514888,Jose Altuve,HOU,hr,official,5,NO,2026-05-02T03:04:41.852672+00:00,0,0.0,0.0658,,,,,,0.047,97.423780682,,,0.0,0.324,0.364,0.318,0.252,0.244,1.8,0.0,,0.38,0.0
2026-05-01,518692,Freddie Freeman,LAD,hr,probable_recent,2,LEAN,2026-05-02T03:04:41.848541+00:00,0,0.0,0.1347,+2,0.5,0.9804,-0.8457,DraftKings,0.109,101.60639,,,0.0,0.391,0.48,0.363,0.297,0.191,2.0,5.82,,0.62,0.0
2026-05-01,542303,Marcell Ozuna,PIT,hr,official,6,NO,2026-05-02T03:04:41.852672+00:00,1,1.0,0.0775,+1,0.5,0.9901,-0.9126,DraftKings,0.056,99.421738,,,0.0,0.292,0.371,0.357,0.219,0.274,1.95,5.35,,0.38,0.0
2026-05-01,543807,George Springer,TOR,hr,probable_recent,1,LEAN,2026-05-02T03:04:41.852672+00:00,0,0.0,0.081,+1,0.5,0.9901,-0.9091,DraftKings,0.059,99.256705217,,,0.0,0.303,0.422,0.267,0.213,0.234,2.08,4.82,,0.38,0.0
2026-05-01,545121,Ildemaro Vargas,AZ,hr,official,2,NO,2026-05-02T03:04:41.852672+00:00,0,0.0,0.0753,+1,0.5,0.9901,-0.9148,DraftKings,0.053,98.518323077,,,0.0,0.384,0.35,0.4,0.351,0.169,0.83,4.27,,0.55,0.0
2026-05-01,547180,Bryce Harper,PHI,hr,official,2,LEAN,2026-05-02T03:04:41.850559+00:00,0,0.0,0.1072,,,,,,0.091,100.228767447,,,0.0,0.389,0.376,0.355,0.266,0.283,1.49,5.15,,0.62,0.0
2026-05-01,571448,Nolan Arenado,AZ,hr,official,7,NO,2026-05-02T03:04:41.858985+00:00,0,0.0,0.0501,+1,0.5,0.9901,-0.94,DraftKings,0.057,94.935173,,,0.0,0.307,0.253,0.342,0.261,0.259,0.83,4.27,,0.38,0.0
2026-05-01,572233,Christian Walker,HOU,hr,official,4,LEAN,2026-05-02T03:04:41.850559+00:00,0,0.0,0.1036,,,,,,0.092,102.426722979,,,0.0,0.362,0.489,0.309,0.267,0.266,1.8,0.0,,0.38,0.0
2026-05-01,573262,Mike Yastrzemski,ATL,hr,probable_recent,8,LEAN,2026-05-02T03:04:41.852672+00:00,0,0.0,0.0831,,,,,,0.02,98.785009394,,,0.0,0.264,0.394,0.288,0.22,0.254,1.85,5.35,,0.62,0.0
2026-05-01,575929,Willson Contreras,BOS,hr,official,2,LEAN,2026-05-02T03:04:41.848541+00:00,0,0.0,0.1223,,,,,,0.102,104.416624571,,,0.0,0.408,0.486,0.347,0.269,0.361,1.91,3.85,,0.38,0.0
2026-05-01,592450,Aaron Judge,NYY,hr,official,3,YES,2026-05-02T03:04:41.848541+00:00,0,0.0,0.1558,+1,0.5,0.9901,-0.8343,DraftKings,0.148,105.449668649,,,0.0,0.455,0.541,0.378,0.283,0.339,1.65,3.64,,0.38,0.0
2026-05-01,592626,Joc Pederson,TEX,hr,official,5,LEAN,2026-05-02T03:04:41.852672+00:00,0,0.0,0.0893,+1,0.5,0.9901,-0.9008,DraftKings,0.024,101.4338824,,,0.0,0.317,0.529,0.314,0.218,0.335,1.55,5.46,,0.62,0.0
2026-05-01,596115,Trevor Story,BOS,hr,official,5,NO,2026-05-02T03:04:41.852672+00:00,0,0.0,0.0699,,,,,,0.023,99.222320476,,,0.0,0.251,0.429,0.321,0.214,0.301,1.91,3.85,,0.38,0.0
2026-05-01,605137,Josh Bell,MIN,hr,probable_recent,4,LEAN,2026-05-02T03:04:41.852672+00:00,0,0.0,0.0837,+1,0.5,0.9901,-0.9064,DraftKings,0.071,99.386003111,,,0.0,0.332,0.427,0.371,0.241,0.264,1.09,5.9,,0.55,0.0
2026-05-01,605170,Victor Caratini,MIN,hr,probable_recent,5,NO,2026-05-02T03:04:41.852672+00:00,0,0.0,0.0675,,,,,,0.032,97.512559697,,,0.0,0.34,0.318,0.394,0.255,0.184,1.09,5.9,,0.55,0.0
2026-05-01,607043,Brandon Nimmo,TEX,hr,official,1,LEAN,2026-05-02T03:04:41.852672+00:00,0,0.0,0.0988,+1,0.5,0.9901,-0.8913,DraftKings,0.071,100.88591449,,,0.0,0.37,0.469,0.337,0.293,0.246,1.55,5.46,,0.62,0.0
2026-05-01,608324,Alex Bregman,CHC,hr,official,3,LEAN,2026-05-02T03:04:41.852672+00:00,0,0.0,0.0807,+1,0.5,0.9901,-0.9094,DraftKings,0.056,99.622981731,,,0.0,0.334,0.452,0.269,0.254,0.168,0.56,4.95,,0.38,0.0
2026-05-01,608348,Carson Kelly,CHC,hr,official,7,LEAN,2026-05-02T03:04:41.852672+00:00,0,0.0,0.0945,,,,,,0.08,101.154097667,,,0.0,0.369,0.5,0.3,0.273,0.207,0.56,4.95,,0.38,0.0
2026-05-01,608369,Corey Seager,TEX,hr,official,3,LEAN,2026-05-02T03:04:41.852672+00:00,0,0.0,0.0979,+1,0.5,0.9901,-0.8922,DraftKings,0.085,101.53614525,,,0.0,0.335,0.43,0.367,0.238,0.357,1.55,5.46,,0.62,0.0
2026-05-01,621020,Dansby Swanson,CHC,hr,official,9,LEAN,2026-05-02T03:04:41.852672+00:00,0,0.0,0.0884,+1,0.5,0.9901,-0.9017,DraftKings,0.074,100.437966757,,,0.0,0.352,0.479,0.356,0.225,0.3,0.56,4.95,,0.38,0.0
2026-05-01,621043,Carlos Correa,HOU,hr,official,1,LEAN,2026-05-02T03:04:41.852672+00:00,1,1.0,0.094,,,,,,0.066,102.098233023,,,0.0,0.357,0.419,0.349,0.288,0.215,1.8,0.0,,0.38,0.0
2026-05-01,621439,Byron Buxton,MIN,hr,probable_recent,1,LEAN,2026-05-02T03:04:41.852672+00:00,1,1.0,0.089,+1,0.5,0.9901,-0.9011,DraftKings,0.104,100.619467273,,,0.0,0.308,0.455,0.352,0.221,0.329,1.09,5.9,,0.38,0.0
2026-05-01,621493,Taylor Ward,BAL,hr,official,2,LEAN,2026-05-02T03:04:41.852672+00:00,0,0.0,0.0912,+1,0.5,0.9901,-0.8989,DraftKings,0.035,99.44276125,,,0.0,0.387,0.379,0.389,0.295,0.168,0.96,3.51,,0.38,0.0
2026-05-01,621566,Matt Olson,ATL,hr,probable_recent,4,LEAN,2026-05-02T03:04:41.848541+00:00,1,1.0,0.143,,,,,,0.119,104.67401766,,,0.0,0.389,0.495,0.355,0.257,0.259,1.85,5.35,,0.62,0.0
2026-05-01,623168,Tyler Heineman,TOR,hr,probable_recent,9,LEAN,2026-05-02T03:04:41.850559+00:00,0,0.0,0.1169,+1,0.5,0.9901,-0.8732,DraftKings,0.118,87.3,,,0.0,0.51,0.625,0.688,0.429,0.0,2.08,4.82,,0.55,0.0
2026-05-01,624413,Pete Alonso,BAL,hr,official,4,LEAN,2026-05-02T03:04:41.850559+00:00,1,1.0,0.1136,+1,0.5,0.9901,-0.8765,DraftKings,0.052,102.523330714,,,0.0,0.326,0.554,0.289,0.22,0.281,0.96,3.51,,0.38,0.0
2026-05-01,624641,Edmundo Sosa,PHI,hr,official,5,LEAN,2026-05-02T03:04:41.852672+00:00,0,0.0,0.0954,,,,,,0.045,101.697419412,,,0.0,0.335,0.412,0.324,0.297,0.234,1.49,5.15,,0.38,0.0
2026-05-01,641343,Jake Bauers,MIL,hr,official,4,LEAN,2026-05-02T03:04:41.848541+00:00,0,0.0,0.1188,+1,0.5,0.9901,-0.8713,DraftKings,0.073,103.690324615,,,0.0,0.335,0.551,0.295,0.266,0.254,1.04,4.6,,0.62,0.0
2026-05-01,641355,Cody Bellinger,NYY,hr,official,4,LEAN,2026-05-02T03:04:41.852672+00:00,0,0.0,0.0941,+1,0.5,0.9901,-0.896,DraftKings,0.047,98.48647087,,,0.0,0.361,0.402,0.37,0.274,0.197,1.65,3.64,,0.62,0.0
2026-05-01,641584,Jake Fraley,TB,hr,official,7,NO,2026-05-02T03:04:41.852672+00:00,0,0.0,0.0732,,,,,,0.06,96.23033,,,0.0,0.303,0.25,0.455,0.213,0.21,1.59,4.51,,0.62,0.0
2026-05-01,642708,Amed Rosario,NYY,hr,official,5,LEAN,2026-05-02T03:04:41.848541+00:00,0,0.0,0.1218,,,,,,0.095,102.02745875,,,0.0,0.381,0.396,0.313,0.274,0.256,1.65,3.64,,0.38,0.0
2026-05-01,642715,Willy Adames,SF,hr,official,6,NO,2026-05-02T03:04:41.852672+00:00,0,0.0,0.076,,,,,,0.062,99.167949756,,,0.0,0.27,0.402,0.341,0.207,0.26,0.31,4.36,,0.38,0.0
2026-05-01,643289,Mauricio Dubón,ATL,hr,probable_recent,6,LEAN,2026-05-02T03:04:41.852672+00:00,0,0.0,0.0811,,,,,,0.051,97.220851556,,,0.0,0.303,0.315,0.337,0.252,0.174,1.85,5.35,,0.38,0.0
2026-05-01,643376,Danny Jansen,TEX,hr,official,9,NO,2026-05-02T03:04:41.858985+00:00,1,1.0,0.0572,+1,0.5,0.9901,-0.9329,DraftKings,0.027,97.453632727,,,0.0,0.24,0.318,0.273,0.175,0.277,1.55,5.46,,0.38,0.0
2026-05-01,645277,Ozzie Albies,ATL,hr,probable_recent,3,NO,2026-05-02T03:04:41.852672+00:00,0,0.0,0.0791,,,,,,0.037,97.702488909,,,0.0,0.315,0.309,0.373,0.264,0.227,1.85,5.35,,0.55,0.0
2026-05-01,646240,Rafael Devers,SF,hr,official,5,NO,2026-05-02T03:04:41.852672+00:00,0,0.0,0.0793,,,,,,0.047,100.692263902,,,0.0,0.26,0.415,0.317,0.216,0.319,0.31,4.36,,0.62,0.0
2026-05-01,650333,Luis Arraez,SF,hr,official,3,NO,2026-05-02T03:04:41.858985+00:00,0,0.0,0.0493,,,,,,0.0,93.61979193,,,0.0,0.308,0.19,0.353,0.299,0.079,0.31,4.36,,0.62,0.0
2026-05-01,650402,Gleyber Torres,DET,hr,official,1,NO,2026-05-02T03:04:41.858985+00:00,0,0.0,0.0502,+1,0.5,0.9901,-0.9399,DraftKings,0.036,94.795662174,,,0.0,0.342,0.253,0.374,0.255,0.202,1.3,4.63,,0.38,0.0
2026-05-01,650489,Willi Castro,COL,hr,probable_recent,5,LEAN,2026-05-02T03:04:41.852672+00:00,0,0.0,0.0843,,,,,,0.047,100.007958333,,,0.0,0.283,0.438,0.313,0.207,0.328,1.45,4.15,,0.55,0.0
2026-05-01,650490,Yandy Díaz,TB,hr,official,4,LEAN,2026-05-02T03:04:41.850559+00:00,1,1.0,0.105,,,,,,0.045,102.143756,,,0.0,0.381,0.449,0.293,0.313,0.14,1.59,4.51,,0.38,0.0
2026-05-01,650859,Luis Rengifo,MIL,hr,official,5,NO,2026-05-02T03:04:41.852672+00:00,0,0.0,0.0751,+1,0.5,0.9901,-0.915,DraftKings,0.053,98.215426757,,,0.0,0.283,0.36,0.333,0.232,0.189,1.04,4.6,,0.55,0.0
2026-05-01,656305,Matt Chapman,SF,hr,official,2,NO,2026-05-02T03:04:41.852672+00:00,0,0.0,0.0664,,,,,,0.03,100.127323864,,,0.0,0.284,0.337,0.213,0.228,0.232,0.31,4.36,,0.38,0.0
2026-05-01,656811,Ryan O'Hearn,PIT,hr,official,4,LEAN,2026-05-02T03:04:41.852672+00:00,0,0.0,0.0973,+1,0.5,0.9901,-0.8928,DraftKings,0.055,100.666209545,,,0.0,0.389,0.471,0.356,0.299,0.208,1.95,5.35,,0.62,0.0
2026-05-01,656941,Kyle Schwarber,PHI,hr,official,1,LEAN,2026-05-02T03:04:41.848541+00:00,0,0.0,0.138,,,,,,0.108,102.899743333,,,0.0,0.401,0.507,0.324,0.231,0.294,1.49,5.15,,0.62,0.0
2026-05-01,660271,Shohei Ohtani,LAD,hr,probable_recent,1,NO,2026-05-02T03:04:41.858985+00:00,0,0.0,0.056,+2,0.5,0.9804,-0.9244,DraftKings,0.017,75.3,,,0.0,0.239,0.378,0.203,0.183,0.314,2.0,5.82,,0.62,0.0
2026-05-01,660670,Ronald Acuña Jr.,ATL,hr,probable_recent,1,LEAN,2026-05-02T03:04:41.850559+00:00,0,0.0,0.1115,,,,,,0.083,101.548981739,,,0.0,0.375,0.424,0.315,0.256,0.288,1.85,5.35,,0.38,0.0
2026-05-01,661388,William Contreras,MIL,hr,official,3,LEAN,2026-05-02T03:04:41.852672+00:00,0,0.0,0.0978,+1,0.5,0.9901,-0.8923,DraftKings,0.065,100.603782653,,,0.0,0.348,0.433,0.268,0.275,0.162,1.04,4.6,,0.38,0.0
2026-05-01,662139,Daulton Varsho,TOR,hr,probable_recent,5,NO,2026-05-02T03:04:41.852672+00:00,0,0.0,0.0657,+1,0.5,0.9901,-0.9244,DraftKings,0.046,97.415185641,,,0.0,0.315,0.333,0.346,0.256,0.207,2.08,4.82,,0.62,0.0
2026-05-01,663330,Jahmai Jones,DET,hr,official,3,LEAN,2026-05-02T03:04:41.848541+00:00,0,0.0,0.1285,,,,,,0.135,103.4386025,,,0.0,0.39,0.565,0.435,0.294,0.282,1.3,4.63,,0.38,0.0
2026-05-01,663368,Blake Perkins,MIL,hr,official,8,NO,2026-05-02T03:04:41.858985+00:00,0,0.0,0.0506,+1,0.5,0.9901,-0.9395,DraftKings,0.021,96.289829333,,,0.0,0.232,0.333,0.2,0.153,0.242,1.04,4.6,,0.55,0.0
2026-05-01,663538,Nico Hoerner,CHC,hr,official,1,NO,2026-05-02T03:04:41.858985+00:00,0,0.0,0.0543,+1,0.5,0.9901,-0.9358,DraftKings,0.021,95.798525965,,,0.0,0.344,0.261,0.391,0.298,0.108,0.56,4.95,,0.38,0.0
2026-05-01,663586,Austin Riley,ATL,hr,probable_recent,5,LEAN,2026-05-02T03:04:41.852672+00:00,0,0.0,0.0955,,,,,,0.052,100.985161591,,,0.0,0.288,0.432,0.261,0.208,0.322,1.85,5.35,,0.38,0.0
2026-05-01,663647,Ke'Bryan Hayes,CIN,hr,official,9,LEAN,2026-05-02T03:04:41.852672+00:00,0,0.0,0.0912,+1,0.5,0.9901,-0.8989,DraftKings,0.096,99.760368387,,,0.0,0.321,0.394,0.379,0.245,0.195,0.22,3.85,,0.38,0.0
2026-05-01,663656,Kyle Tucker,LAD,hr,probable_recent,4,LEAN,2026-05-02T03:04:41.852672+00:00,0,0.0,0.0956,+1,0.5,0.9901,-0.8945,DraftKings,0.053,98.956517273,,,0.0,0.316,0.42,0.364,0.235,0.232,2.0,5.82,,0.62,0.0
2026-05-01,663743,Nick Fortes,TB,hr,official,8,NO,2026-05-02T03:04:41.852672+00:00,0,0.0,0.0751,,,,,,0.012,100.724446667,,,0.0,0.307,0.424,0.273,0.28,0.149,1.59,4.51,,0.38,0.0
2026-05-01,663757,Trent Grisham,NYY,hr,official,9,LEAN,2026-05-02T03:04:41.848541+00:00,0,0.0,0.1204,+1,0.5,0.9901,-0.8697,DraftKings,0.088,101.211032432,,,0.0,0.357,0.521,0.26,0.225,0.176,1.65,3.64,,0.62,0.0
2026-05-01,663837,Matt Vierling,DET,hr,official,6,NO,2026-05-02T03:04:41.852672+00:00,0,0.0,0.0681,+1,0.5,0.9901,-0.922,DraftKings,0.029,99.239982692,,,0.0,0.307,0.415,0.377,0.263,0.142,1.3,4.63,,0.38,0.0
2026-05-01,663886,Tyler Stephenson,CIN,hr,official,8,LEAN,2026-05-02T03:04:41.850559+00:00,0,0.0,0.1028,,,,,,0.081,101.534195833,,,0.0,0.34,0.571,0.367,0.219,0.275,0.22,3.85,,0.38,0.0
2026-05-01,663993,Nathaniel Lowe,CIN,hr,official,5,LEAN,2026-05-02T03:04:41.850559+00:00,0,0.0,0.109,+1,0.5,0.9901,-0.8811,DraftKings,0.102,102.433745714,,,0.0,0.426,0.5,0.477,0.318,0.176,0.22,3.85,,0.62,0.0
2026-05-01,664023,Ian Happ,CHC,hr,official,4,LEAN,2026-05-02T03:04:41.852672+00:00,0,0.0,0.0801,+1,0.5,0.9901,-0.91,DraftKings,0.075,100.541831892,,,0.0,0.328,0.378,0.284,0.2,0.348,0.56,4.95,,0.55,0.0
2026-05-01,664040,Brandon Lowe,PIT,hr,official,2,LEAN,2026-05-02T03:04:41.852672+00:00,0,0.0,0.0951,+1,0.5,0.9901,-0.895,DraftKings,0.083,101.01955,,,0.0,0.356,0.449,0.359,0.252,0.355,1.95,5.35,,0.62,0.0
2026-05-01,664761,Alec Bohm,PHI,hr,official,7,LEAN,2026-05-02T03:04:41.848541+00:00,0,0.0,0.1408,,,,,,0.8,98.943323111,,,0.0,0.271,0.382,0.36,0.218,0.194,1.49,5.15,,0.38,0.0
2026-05-01,664983,Jake McCarthy,COL,hr,probable_recent,2,NO,2026-05-02T03:04:41.852672+00:00,0,0.0,0.0626,,,,,,0.03,96.089259524,,,0.0,0.304,0.229,0.229,0.252,0.263,1.45,4.15,,0.62,0.0
2026-05-01,665489,Vladimir Guerrero Jr.,TOR,hr,probable_recent,3,LEAN,2026-05-02T03:04:41.850559+00:00,0,0.0,0.1134,+2,0.5,0.9804,-0.867,DraftKings,0.092,103.398720816,,,0.0,0.396,0.459,0.337,0.332,0.211,2.08,4.82,,0.38,0.0
2026-05-01,665561,Rafael Marchán,PHI,hr,official,9,NO,2026-05-02T03:04:41.852672+00:00,0,0.0,0.0617,,,,,,0.02,95.55464,,,0.0,0.194,0.27,0.27,0.154,0.174,1.49,5.15,,0.55,0.0
2026-05-01,665750,Leody Taveras,BAL,hr,official,7,LEAN,2026-05-02T03:04:41.852672+00:00,0,0.0,0.0831,+1,0.5,0.9901,-0.907,DraftKings,0.038,99.233364,,,0.0,0.373,0.373,0.471,0.277,0.259,0.96,3.51,,0.55,0.0
2026-05-01,665833,Oneil Cruz,PIT,hr,official,1,LEAN,2026-05-02T03:04:41.848541+00:00,0,0.0,0.1337,+1,0.5,0.9901,-0.8564,DraftKings,0.124,107.795437436,,,0.0,0.366,0.623,0.364,0.263,0.402,1.95,5.35,,0.62,0.0
2026-05-01,665862,Jazz Chisholm Jr.,NYY,hr,official,6,LEAN,2026-05-02T03:04:41.852672+00:00,0,0.0,0.0873,+1,0.5,0.9901,-0.9028,DraftKings,0.041,100.277946667,,,0.0,0.278,0.419,0.243,0.204,0.295,1.65,3.64,,0.62,0.0
2026-05-01,665926,Andrés Giménez,TOR,hr,probable_recent,8,NO,2026-05-02T03:04:41.852672+00:00,0,0.0,0.0599,,,,,,0.027,96.185987778,,,0.0,0.258,0.278,0.267,0.229,0.215,2.08,4.82,,0.62,0.0
2026-05-01,665966,Carlos Narváez,BOS,hr,official,8,LEAN,2026-05-02T03:04:41.852672+00:00,0,0.0,0.0897,,,,,,0.06,99.925423182,,,0.0,0.249,0.457,0.37,0.212,0.262,1.91,3.85,,0.38,0.0
2026-05-01,666152,David Hamilton,MIL,hr,official,9,NO,2026-05-02T03:04:41.858985+00:00,0,0.0,0.0568,,,,,,0.022,96.8159952,,,0.0,0.3,0.279,0.177,0.226,0.201,1.04,4.6,,0.62,0.0
2026-05-01,666160,Mickey Moniak,COL,hr,probable_recent,1,LEAN,2026-05-02T03:04:41.850559+00:00,1,1.0,0.103,,,,,,0.082,99.526899091,,,0.0,0.316,0.369,0.323,0.231,0.273,1.45,4.15,,0.62,0.0
2026-05-01,666397,Edouard Julien,COL,hr,probable_recent,8,LEAN,2026-05-02T03:04:41.850559+00:00,0,0.0,0.1097,,,,,,0.066,99.90077069,,,0.0,0.379,0.439,0.439,0.283,0.252,1.45,4.15,,0.62,0.0
2026-05-01,666464,Jerar Encarnacion,SF,hr,official,8,NO,2026-05-02T03:04:41.858985+00:00,0,0.0,0.0564,,,,,,0.032,97.9205625,,,0.0,0.207,0.348,0.391,0.185,0.178,0.31,4.36,,0.38,0.0
2026-05-01,666624,Christopher Morel,MIA,hr,official,8,NO,2026-05-02T03:04:41.861010+00:00,0,0.0,0.03,,,,,,0.0,0.0,,,0.0,0.311,0.0,0.0,0.198,0.0,0.0,2.99,,0.38,0.0
2026-05-01,666969,Adolis García,PHI,hr,official,3,LEAN,2026-05-02T03:04:41.850559+00:00,0,0.0,0.1107,,,,,,0.056,101.7376565,,,0.0,0.325,0.5,0.363,0.252,0.292,1.49,5.15,,0.38,0.0
2026-05-01,668709,JJ Bleday,CIN,hr,official,7,NO,2026-05-02T03:04:41.861010+00:00,0,0.0,0.0351,+1,0.5,0.9901,-0.955,DraftKings,0.0,0.0,,,0.0,0.65,0.0,0.0,0.504,0.0,0.22,3.85,,0.62,0.0
2026-05-01,668715,Spencer Steer,CIN,hr,official,6,LEAN,2026-05-02T03:04:41.852672+00:00,0,0.0,0.0921,+1,0.5,0.9901,-0.898,DraftKings,0.1,100.340862424,,,0.0,0.365,0.386,0.4,0.252,0.242,0.22,3.85,,0.38,0.0
2026-05-01,668723,Ryan Vilade,TB,hr,official,3,NO,2026-05-02T03:04:41.852672+00:00,0,0.0,0.0728,,,,,,0.0,98.130013077,,,0.0,0.3,0.32,0.48,0.264,0.208,1.59,4.51,,0.38,0.0
2026-05-01,668804,Bryan Reynolds,PIT,hr,official,3,LEAN,2026-05-02T03:04:41.852672+00:00,1,1.0,0.0962,+1,0.5,0.9901,-0.8939,DraftKings,0.049,101.900971282,,,0.0,0.341,0.442,0.312,0.229,0.298,1.95,5.35,,0.55,0.0
2026-05-01,668885,Austin Martin,MIN,hr,probable_recent,2,NO,2026-05-02T03:04:41.852672+00:00,0,0.0,0.0632,+1,0.5,0.9901,-0.9269,DraftKings,0.023,97.292531154,,,0.0,0.382,0.365,0.308,0.269,0.145,1.09,5.9,,0.38,0.0
2026-05-01,668904,Royce Lewis,MIN,hr,probable_recent,7,LEAN,2026-05-02T03:04:41.852672+00:00,0,0.0,0.0856,+1,0.5,0.9901,-0.9045,DraftKings,0.079,100.873816087,,,0.0,0.315,0.444,0.333,0.227,0.323,1.09,5.9,,0.38,0.0
2026-05-01,668930,Brice Turang,MIL,hr,official,2,LEAN,2026-05-02T03:04:41.848541+00:00,0,0.0,0.1255,+1,0.5,0.9901,-0.8646,DraftKings,0.07,102.851809474,,,0.0,0.42,0.545,0.442,0.292,0.178,1.04,4.6,,0.62,0.0
2026-05-01,668939,Adley Rutschman,BAL,hr,official,3,LEAN,2026-05-02T03:04:41.852672+00:00,0,0.0,0.0942,+1,0.5,0.9901,-0.8959,DraftKings,0.063,99.826751154,,,0.0,0.324,0.471,0.373,0.254,0.119,0.96,3.51,,0.55,0.0
2026-05-01,669003,Garrett Mitchell,MIL,hr,official,1,LEAN,2026-05-02T03:04:41.850559+00:00,0,0.0,0.1046,,,,,,0.061,104.512605714,,,0.0,0.341,0.488,0.326,0.211,0.42,1.04,4.6,,0.62,0.0
2026-05-01,669016,Brandon Marsh,PHI,hr,official,4,LEAN,2026-05-02T03:04:41.852672+00:00,0,0.0,0.0983,,,,,,0.038,100.715517949,,,0.0,0.317,0.5,0.423,0.275,0.204,1.49,5.15,,0.62,0.0
2026-05-01,669065,Kyle Stowers,MIA,hr,official,2,LEAN,2026-05-02T03:04:41.852672+00:00,0,0.0,0.094,,,,,,0.024,100.90997,,,0.0,0.345,0.667,0.259,0.287,0.293,0.0,2.99,,0.62,0.0
2026-05-01,669224,Austin Wells,NYY,hr,official,8,LEAN,2026-05-02T03:04:41.852672+00:00,0,0.0,0.1012,+1,0.5,0.9901,-0.8889,DraftKings,0.034,101.050226667,,,0.0,0.338,0.464,0.268,0.237,0.247,1.65,3.64,,0.62,0.0
2026-05-01,669257,Will Smith,LAD,hr,probable_recent,5,LEAN,2026-05-02T03:04:41.850559+00:00,0,0.0,0.1089,+2,0.5,0.9804,-0.8715,DraftKings,0.091,99.235775135,,,0.0,0.358,0.365,0.405,0.266,0.146,2.0,5.82,,0.38,0.0
2026-05-01,669357,Nolan Gorman,STL,hr,probable_recent,5,NO,2026-05-02T03:04:41.852672+00:00,1,1.0,0.0785,+1,0.5,0.9901,-0.9116,DraftKings,0.034,99.794571622,,,0.0,0.279,0.411,0.356,0.206,0.328,1.74,3.98,,0.62,0.0
2026-05-01,669364,Xavier Edwards,MIA,hr,official,4,LEAN,2026-05-02T03:04:41.852672+00:00,0,0.0,0.0825,,,,,,0.038,97.861009796,,,0.0,0.367,0.414,0.374,0.294,0.158,0.0,2.99,,0.55,0.0
2026-05-01,669394,Jake Burger,TEX,hr,official,6,LEAN,2026-05-02T03:04:41.852672+00:00,0,0.0,0.0812,+1,0.5,0.9901,-0.9089,DraftKings,0.062,102.314158333,,,0.0,0.269,0.476,0.298,0.211,0.347,1.55,5.46,,0.38,0.0
2026-05-01,669477,Casey Schmitt,SF,hr,official,4,LEAN,2026-05-02T03:04:41.850559+00:00,0,0.0,0.1097,,,,,,0.108,101.08129,,,0.0,0.37,0.467,0.4,0.28,0.223,0.31,4.36,,0.38,0.0
2026-05-01,670541,Yordan Alvarez,HOU,hr,official,2,LEAN,2026-05-02T03:04:41.848541+00:00,0,0.0,0.1381,,,,,,0.133,104.662633585,,,0.0,0.529,0.495,0.457,0.372,0.19,1.8,0.0,,0.62,0.0
2026-05-01,670623,Isaac Paredes,HOU,hr,official,3,NO,2026-05-02T03:04:41.852672+00:00,0,0.0,0.0618,,,,,,0.018,96.130452195,,,0.0,0.298,0.259,0.333,0.232,0.179,1.8,0.0,,0.38,0.0
2026-05-01,670764,Taylor Walls,TB,hr,official,9,NO,2026-05-02T03:04:41.861010+00:00,0,0.0,0.0383,,,,,,0.0,94.252690556,,,0.0,0.242,0.19,0.286,0.174,0.252,1.59,4.51,,0.55,0.0
2026-05-01,670770,TJ Friedl,CIN,hr,official,1,NO,2026-05-02T03:04:41.858985+00:00,0,0.0,0.048,+1,0.5,0.9901,-0.9421,DraftKings,0.016,97.340279444,,,0.0,0.246,0.293,0.256,0.189,0.241,0.22,3.85,,0.62,0.0
2026-05-01,671056,Iván Herrera,STL,hr,probable_recent,2,LEAN,2026-05-02T03:04:41.850559+00:00,0,0.0,0.1099,,,,,,0.056,102.231374318,,,0.0,0.392,0.466,0.295,0.269,0.199,1.74,3.98,,0.38,0.0
2026-05-01,671218,Heliot Ramos,SF,hr,official,1,LEAN,2026-05-02T03:04:41.848541+00:00,0,0.0,0.1226,,,,,,0.102,105.361345278,,,0.0,0.333,0.554,0.378,0.28,0.279,0.31,4.36,,0.38,0.0
2026-05-01,671277,Luis García Jr.,WSH,hr,official,2,LEAN,2026-05-02T03:04:41.850559+00:00,0,0.0,0.1034,,,,,,0.048,101.947165366,,,0.0,0.324,0.464,0.286,0.281,0.161,0.95,3.05,,0.62,0.0
2026-05-01,671289,Tyler Freeman,COL,hr,probable_recent,4,NO,2026-05-02T03:04:41.852672+00:00,0,0.0,0.0686,,,,,,0.0,97.440615417,,,0.0,0.342,0.308,0.327,0.298,0.134,1.45,4.15,,0.38,0.0
2026-05-01,671739,Michael Harris II,ATL,hr,probable_recent,7,YES,2026-05-02T03:04:41.848541+00:00,1,1.0,0.1634,,,,,,0.139,105.799198333,,,0.0,0.443,0.56,0.298,0.345,0.257,1.85,5.35,,0.62,0.0
2026-05-01,672012,Tyler Black,MIL,hr,official,6,NO,2026-05-02T03:04:41.861010+00:00,0,0.0,0.0301,,,,,,0.0,93.312868571,,,0.0,0.199,0.071,0.143,0.167,0.229,1.04,4.6,,0.62,0.0
2026-05-01,672275,Patrick Bailey,SF,hr,official,9,LEAN,2026-05-02T03:04:41.852672+00:00,0,0.0,0.0839,,,,,,0.037,99.513470741,,,0.0,0.296,0.455,0.345,0.233,0.266,0.31,4.36,,0.55,0.0
2026-05-01,672515,Gabriel Moreno,AZ,hr,official,5,NO,2026-05-02T03:04:41.852672+00:00,0,0.0,0.0749,+1,0.5,0.9901,-0.9152,DraftKings,0.067,99.265917059,,,0.0,0.336,0.424,0.364,0.257,0.242,0.83,4.27,,0.38,0.0
2026-05-01,672640,Otto Lopez,MIA,hr,official,3,LEAN,2026-05-02T03:04:41.850559+00:00,0,0.0,0.1059,,,,,,0.071,102.39262,,,0.0,0.341,0.495,0.28,0.287,0.236,0.0,2.99,,0.38,0.0
2026-05-01,672695,Geraldo Perdomo,AZ,hr,official,1,NO,2026-05-02T03:04:41.858985+00:00,1,1.0,0.0528,+1,0.5,0.9901,-0.9373,DraftKings,0.018,96.323511622,,,0.0,0.321,0.253,0.316,0.234,0.109,0.83,4.27,,0.55,0.0
2026-05-01,672761,Wenceel Pérez,DET,hr,official,8,LEAN,2026-05-02T03:04:41.852672+00:00,0,0.0,0.0976,,,,,,0.1,98.96181619,,,0.0,0.323,0.463,0.268,0.223,0.122,1.3,4.63,,0.55,0.0
2026-05-01,672820,Lenyn Sosa,TOR,hr,probable_recent,6,NO,2026-05-02T03:04:41.852672+00:00,0,0.0,0.0728,+1,0.5,0.9901,-0.9173,DraftKings,0.032,98.7881204,,,0.0,0.244,0.36,0.38,0.232,0.237,2.08,4.82,,0.38,0.0
2026-05-01,672960,Kazuma Okamoto,TOR,hr,probable_recent,4,LEAN,2026-05-02T03:04:41.850559+00:00,1,2.0,0.1048,+1,0.5,0.9901,-0.8853,DraftKings,0.073,103.454353056,,,0.0,0.32,0.514,0.333,0.226,0.328,2.08,4.82,,0.38,0.0
2026-05-01,673237,Yainer Diaz,HOU,hr,official,6,NO,2026-05-02T03:04:41.852672+00:00,0,0.0,0.0652,,,,,,0.031,97.79275875,,,0.0,0.265,0.278,0.241,0.243,0.236,1.8,0.0,,0.38,0.0
2026-05-01,673548,Seiya Suzuki,CHC,hr,official,5,LEAN,2026-05-02T03:04:41.852672+00:00,0,0.0,0.0891,+1,0.5,0.9901,-0.901,DraftKings,0.063,101.964285833,,,0.0,0.394,0.479,0.479,0.298,0.246,0.56,4.95,,0.38,0.0
2026-05-01,673962,Josh Jung,TEX,hr,official,4,LEAN,2026-05-02T03:04:41.852672+00:00,0,0.0,0.0944,+1,0.5,0.9901,-0.8957,DraftKings,0.044,101.029846667,,,0.0,0.368,0.53,0.41,0.303,0.177,1.55,5.46,,0.38,0.0
2026-05-01,676356,Jonny DeLuca,TB,hr,official,6,LEAN,2026-05-02T03:04:41.852672+00:00,0,0.0,0.084,,,,,,0.048,99.25380875,,,0.0,0.31,0.327,0.306,0.269,0.236,1.59,4.51,,0.38,0.0
2026-05-01,676475,Alec Burleson,STL,hr,probable_recent,3,LEAN,2026-05-02T03:04:41.848541+00:00,1,1.0,0.1245,+1,0.5,0.9901,-0.8656,DraftKings,0.089,101.704869608,,,0.0,0.386,0.471,0.304,0.278,0.191,1.74,3.98,,0.62,0.0
2026-05-01,676609,José Caballero,NYY,hr,official,7,NO,2026-05-02T03:04:41.858985+00:00,1,1.0,0.0456,,,,,,0.018,96.246464737,,,0.0,0.249,0.275,0.3,0.212,0.287,1.65,3.64,,0.38,0.0
2026-05-01,677649,Ezequiel Duran,TEX,hr,official,8,LEAN,2026-05-02T03:04:41.852672+00:00,0,0.0,0.081,,,,,,0.031,100.540449545,,,0.0,0.289,0.391,0.261,0.244,0.308,1.55,5.46,,0.38,0.0
2026-05-01,677800,Wilyer Abreu,BOS,hr,official,4,LEAN,2026-05-02T03:04:41.850559+00:00,0,0.0,0.1041,,,,,,0.087,101.818984348,,,0.0,0.375,0.478,0.326,0.296,0.207,1.91,3.85,,0.62,0.0
2026-05-01,677942,Blaze Alexander,BAL,hr,official,9,LEAN,2026-05-02T03:04:41.852672+00:00,0,0.0,0.0867,+1,0.5,0.9901,-0.9034,DraftKings,0.014,99.741671429,,,0.0,0.314,0.488,0.349,0.28,0.342,0.96,3.51,,0.38,0.0
2026-05-01,677950,Alek Thomas,AZ,hr,official,8,NO,2026-05-02T03:04:41.852672+00:00,0,0.0,0.0766,,,,,,0.056,100.15509625,,,0.0,0.29,0.418,0.358,0.234,0.254,0.83,4.27,,0.62,0.0
2026-05-01,678391,Jorbit Vivas,WSH,hr,official,7,NO,2026-05-02T03:04:41.861010+00:00,0,0.0,0.0432,,,,,,0.013,94.721701429,,,0.0,0.305,0.241,0.276,0.257,0.136,0.95,3.05,,0.62,0.0
2026-05-01,678489,Jorge Barrosa,AZ,hr,official,9,NO,2026-05-02T03:04:41.858985+00:00,0,0.0,0.0504,,,,,,0.045,94.621875294,,,0.0,0.213,0.2,0.4,0.171,0.258,0.83,4.27,,0.55,0.0
2026-05-01,678554,Curtis Mead,WSH,hr,official,3,LEAN,2026-05-02T03:04:41.852672+00:00,0,0.0,0.0979,+1,0.5,0.9901,-0.8922,DraftKings,0.07,100.896461538,,,0.0,0.349,0.442,0.25,0.258,0.163,0.95,3.05,,0.38,0.0
2026-05-01,678882,Ceddanne Rafaela,BOS,hr,official,7,NO,2026-05-02T03:04:41.852672+00:00,0,0.0,0.0791,,,,,,0.048,98.929676571,,,0.0,0.293,0.408,0.366,0.233,0.284,1.91,3.85,,0.38,0.0
2026-05-01,679529,Spencer Torkelson,DET,hr,official,7,LEAN,2026-05-02T03:04:41.850559+00:00,0,0.0,0.1027,+1,0.5,0.9901,-0.8874,DraftKings,0.083,101.78746697,,,0.0,0.376,0.478,0.448,0.248,0.275,1.3,4.63,,0.38,0.0
2026-05-01,680574,Matt McLain,CIN,hr,official,2,NO,2026-05-02T03:04:41.852672+00:00,0,0.0,0.068,+1,0.5,0.9901,-0.9221,DraftKings,0.052,98.042728,,,0.0,0.325,0.325,0.325,0.228,0.245,0.22,3.85,,0.38,0.0
2026-05-01,680728,Adrian Del Castillo,AZ,hr,official,4,NO,2026-05-02T03:04:41.852672+00:00,0,0.0,0.0615,,,,,,0.049,97.955927895,,,0.0,0.261,0.359,0.359,0.202,0.281,0.83,4.27,,0.62,0.0
2026-05-01,680776,Jarren Duran,BOS,hr,official,1,LEAN,2026-05-02T03:04:41.852672+00:00,1,1.0,0.0896,,,,,,0.065,102.498421714,,,0.0,0.273,0.417,0.236,0.216,0.356,1.91,3.85,,0.62,0.0
2026-05-01,680777,Ryan Jeffers,MIN,hr,probable_recent,3,LEAN,2026-05-02T03:04:41.850559+00:00,0,0.0,0.1051,+1,0.5,0.9901,-0.885,DraftKings,0.094,102.158040938,,,0.0,0.386,0.413,0.349,0.266,0.181,1.09,5.9,,0.38,0.0
2026-05-01,680779,Henry Davis,PIT,hr,official,9,NO,2026-05-02T03:04:41.852672+00:00,1,2.0,0.0715,,,,,,0.027,100.451848,,,0.0,0.227,0.353,0.196,0.165,0.232,1.95,5.35,,0.38,0.0
2026-05-01,681082,Bryson Stott,PHI,hr,official,6,LEAN,2026-05-02T03:04:41.852672+00:00,1,1.0,0.0865,,,,,,0.032,99.131958,,,0.0,0.291,0.437,0.31,0.25,0.184,1.49,5.15,,0.62,0.0
2026-05-01,681198,TJ Rumfield,COL,hr,probable_recent,6,LEAN,2026-05-02T03:04:41.852672+00:00,0,0.0,0.0887,,,,,,0.063,98.989009362,,,0.0,0.341,0.389,0.379,0.272,0.202,1.45,4.15,,0.62,0.0
2026-05-01,681546,James Outman,MIN,hr,probable_recent,9,NO,2026-05-02T03:04:41.861010+00:00,0,0.0,0.0314,,,,,,0.0,93.7045825,,,0.0,0.167,0.25,0.188,0.123,0.383,1.09,5.9,,0.62,0.0
2026-05-01,681624,Andy Pages,LAD,hr,probable_recent,3,LEAN,2026-05-02T03:04:41.850559+00:00,0,0.0,0.102,+1,0.5,0.9901,-0.8881,DraftKings,0.041,101.674505349,,,0.0,0.346,0.535,0.349,0.288,0.234,2.0,5.82,,0.38,0.0
2026-05-01,682663,Agustín Ramírez,MIA,hr,official,6,NO,2026-05-02T03:04:41.852672+00:00,0,0.0,0.0732,,,,,,0.034,101.487748,,,0.0,0.284,0.388,0.275,0.232,0.317,0.0,2.99,,0.38,0.0
2026-05-01,682829,Elly De La Cruz,CIN,hr,official,3,LEAN,2026-05-02T03:04:41.848541+00:00,0,0.0,0.1179,+1,0.5,0.9901,-0.8722,DraftKings,0.101,106.066890488,,,0.0,0.381,0.548,0.321,0.274,0.321,0.22,3.85,,0.55,0.0
2026-05-01,682928,CJ Abrams,WSH,hr,official,4,LEAN,2026-05-02T03:04:41.850559+00:00,0,0.0,0.1107,+1,0.5,0.9901,-0.8794,DraftKings,0.084,101.082495909,,,0.0,0.399,0.46,0.345,0.288,0.292,0.95,3.05,,0.62,0.0
2026-05-01,682985,Riley Greene,DET,hr,official,5,LEAN,2026-05-02T03:04:41.850559+00:00,0,0.0,0.1062,+1,0.5,0.9901,-0.8839,DraftKings,0.09,102.839723077,,,0.0,0.404,0.5,0.436,0.284,0.286,1.3,4.63,,0.62,0.0
2026-05-01,682998,Corbin Carroll,AZ,hr,official,3,LEAN,2026-05-02T03:04:41.852672+00:00,0,0.0,0.0908,+1,0.5,0.9901,-0.8993,DraftKings,0.078,99.879486471,,,0.0,0.367,0.388,0.358,0.251,0.332,0.83,4.27,,0.62,0.0
2026-05-01,683002,Gunnar Henderson,BAL,hr,official,1,LEAN,2026-05-02T03:04:41.852672+00:00,0,0.0,0.0964,+1,0.5,0.9901,-0.8937,DraftKings,0.069,100.878896136,,,0.0,0.312,0.466,0.364,0.23,0.275,0.96,3.51,,0.62,0.0
2026-05-01,683357,Owen Caissie,MIA,hr,official,7,LEAN,2026-05-02T03:04:41.852672+00:00,0,0.0,0.0947,,,,,,0.063,103.01921125,,,0.0,0.281,0.469,0.449,0.211,0.357,0.0,2.99,,0.62,0.0
2026-05-01,683737,Michael Busch,CHC,hr,official,6,NO,2026-05-02T03:04:41.858985+00:00,0,0.0,0.0556,+1,0.5,0.9901,-0.9345,DraftKings,0.053,97.060363488,,,0.0,0.285,0.329,0.282,0.204,0.248,0.56,4.95,,0.62,0.0
2026-05-01,686217,Sal Frelick,MIL,hr,official,7,NO,2026-05-02T03:04:41.852672+00:00,0,0.0,0.0649,,,,,,0.028,96.949684872,,,0.0,0.303,0.266,0.278,0.236,0.128,1.04,4.6,,0.62,0.0
2026-05-01,686452,Drew Millas,WSH,hr,official,8,NO,2026-05-02T03:04:41.861010+00:00,0,0.0,0.0311,,,,,,0.017,91.114627778,,,0.0,0.234,0.189,0.432,0.196,0.218,0.95,3.05,,0.55,0.0
2026-05-01,686780,Pedro Pagés,STL,hr,probable_recent,8,NO,2026-05-02T03:04:41.852672+00:00,0,0.0,0.0729,,,,,,0.056,97.7858428,,,0.0,0.298,0.314,0.333,0.236,0.274,1.74,3.98,,0.38,0.0
2026-05-01,686797,Brooks Lee,MIN,hr,probable_recent,8,NO,2026-05-02T03:04:41.852672+00:00,0,0.0,0.0672,+1,0.5,0.9901,-0.9229,DraftKings,0.037,97.269126923,,,0.0,0.274,0.342,0.342,0.213,0.209,1.09,5.9,,0.55,0.0
2026-05-01,686948,Drake Baldwin,ATL,hr,probable_recent,2,LEAN,2026-05-02T03:04:41.848541+00:00,0,0.0,0.1273,,,,,,0.096,102.760977059,,,0.0,0.394,0.49,0.412,0.299,0.215,1.85,5.35,,0.62,0.0
2026-05-01,687363,Victor Scott II,STL,hr,probable_recent,9,NO,2026-05-02T03:04:41.852672+00:00,0,0.0,0.0658,+1,0.5,0.9901,-0.9243,DraftKings,0.011,97.1019504,,,0.0,0.257,0.267,0.267,0.214,0.309,1.74,3.98,,0.62,0.0
2026-05-01,687462,Spencer Horwitz,PIT,hr,official,7,LEAN,2026-05-02T03:04:41.848541+00:00,0,0.0,0.1179,+1,0.5,0.9901,-0.8722,DraftKings,1.0,96.253698889,,,0.0,0.306,0.282,0.239,0.224,0.176,1.95,5.35,,0.62,0.0
2026-05-01,687637,Dylan Beavers,BAL,hr,official,6,NO,2026-05-02T03:04:41.852672+00:00,0,0.0,0.0772,,,,,,0.044,99.088819333,,,0.0,0.303,0.4,0.3,0.23,0.236,0.96,3.51,,0.62,0.0
2026-05-01,687859,Troy Johnston,COL,hr,probable_recent,9,LEAN,2026-05-02T03:04:41.852672+00:00,0,0.0,0.0831,,,,,,0.019,99.140485,,,0.0,0.321,0.413,0.453,0.263,0.217,1.45,4.15,,0.62,0.0
2026-05-01,687957,Dustin Harris,HOU,hr,official,9,NO,2026-05-02T03:04:41.858985+00:00,0,0.0,0.0494,,,,,,0.0,93.527905625,,,0.0,0.338,0.161,0.484,0.273,0.161,1.8,0.0,,0.62,0.0
2026-05-01,689414,Liam Hicks,MIA,hr,official,5,LEAN,2026-05-02T03:04:41.852672+00:00,0,0.0,0.0895,,,,,,0.067,98.97607907,,,0.0,0.372,0.402,0.356,0.321,0.083,0.0,2.99,,0.62,0.0
2026-05-01,691023,Jordan Walker,STL,hr,probable_recent,4,YES,2026-05-02T03:04:41.848541+00:00,0,0.0,0.1507,+1,0.5,0.9901,-0.8394,DraftKings,0.123,106.803456842,,,0.0,0.384,0.592,0.395,0.268,0.34,1.74,3.98,,0.38,0.0
2026-05-01,691026,Masyn Winn,STL,hr,probable_recent,6,NO,2026-05-02T03:04:41.852672+00:00,0,0.0,0.0653,+1,0.5,0.9901,-0.9248,DraftKings,0.018,96.975555946,,,0.0,0.3,0.267,0.36,0.251,0.225,1.74,3.98,,0.38,0.0
2026-05-01,691406,Junior Caminero,TB,hr,official,2,LEAN,2026-05-02T03:04:41.848541+00:00,1,1.0,0.1177,,,,,,0.076,104.283479167,,,0.0,0.358,0.442,0.25,0.276,0.227,1.59,4.51,,0.38,0.0
2026-05-01,691594,Javier Sanoja,MIA,hr,official,9,NO,2026-05-02T03:04:41.858985+00:00,0,0.0,0.0554,,,,,,0.015,97.879850357,,,0.0,0.269,0.327,0.273,0.237,0.143,0.0,2.99,,0.38,0.0
2026-05-01,691718,Pete Crow-Armstrong,CHC,hr,official,8,LEAN,2026-05-02T03:04:41.852672+00:00,0,0.0,0.081,+1,0.5,0.9901,-0.9091,DraftKings,0.047,102.513842162,,,0.0,0.287,0.468,0.228,0.221,0.299,0.56,4.95,,0.62,0.0
2026-05-01,691723,Coby Mayo,BAL,hr,official,8,LEAN,2026-05-02T03:04:41.852672+00:00,0,0.0,0.0859,+1,0.5,0.9901,-0.9042,DraftKings,0.047,102.370948148,,,0.0,0.294,0.396,0.264,0.218,0.306,0.96,3.51,,0.38,0.0
2026-05-01,691781,Brady House,WSH,hr,official,6,LEAN,2026-05-02T03:04:41.852672+00:00,0,0.0,0.0958,+1,0.5,0.9901,-0.8943,DraftKings,0.075,101.43611027,,,0.0,0.301,0.425,0.274,0.23,0.345,0.95,3.05,,0.38,0.0
2026-05-01,691785,Marcelo Mayer,BOS,hr,official,6,LEAN,2026-05-02T03:04:41.852672+00:00,0,0.0,0.0811,,,,,,0.071,99.380133226,,,0.0,0.295,0.429,0.286,0.221,0.243,1.91,3.85,,0.62,0.0
2026-05-01,693304,Nick Gonzales,PIT,hr,official,5,LEAN,2026-05-02T03:04:41.848541+00:00,0,0.0,0.129,+1,0.5,0.9901,-0.8611,DraftKings,0.9,98.966705,,,0.0,0.333,0.422,0.349,0.306,0.246,1.95,5.35,,0.38,0.0
2026-05-01,693307,Dillon Dingler,DET,hr,official,4,LEAN,2026-05-02T03:04:41.850559+00:00,0,0.0,0.1174,+1,0.5,0.9901,-0.8727,DraftKings,0.123,101.789502432,,,0.0,0.422,0.541,0.459,0.31,0.209,1.3,4.63,,0.38,0.0
2026-05-01,694208,Moisés Ballesteros,CHC,hr,official,2,LEAN,2026-05-02T03:04:41.852672+00:00,0,0.0,0.1005,+1,0.5,0.9901,-0.8896,DraftKings,0.089,101.672402667,,,0.0,0.364,0.533,0.4,0.287,0.235,0.56,4.95,,0.62,0.0
2026-05-01,694212,Samuel Basallo,BAL,hr,official,5,LEAN,2026-05-02T03:04:41.850559+00:00,0,0.0,0.1123,,,,,,0.065,103.290035517,,,0.0,0.339,0.466,0.293,0.244,0.345,0.96,3.51,,0.62,0.0
2026-05-01,694497,Evan Carter,TEX,hr,official,2,NO,2026-05-02T03:04:41.852672+00:00,0,0.0,0.0786,+1,0.5,0.9901,-0.9115,DraftKings,0.055,98.988821875,,,0.0,0.316,0.382,0.382,0.221,0.244,1.55,5.46,,0.62,0.0
2026-05-01,694728,Brice Matthews,HOU,hr,official,8,NO,2026-05-02T03:04:41.852672+00:00,0,0.0,0.0689,,,,,,0.047,99.4958625,,,0.0,0.262,0.324,0.412,0.191,0.395,1.8,0.0,,0.38,0.0
2026-05-01,695578,James Wood,WSH,hr,official,1,YES,2026-05-02T03:04:41.848541+00:00,0,0.0,0.155,+1,0.5,0.9901,-0.8351,DraftKings,0.135,108.359336667,,,0.0,0.433,0.639,0.389,0.267,0.358,0.95,3.05,,0.62,0.0
2026-05-01,695734,Daylen Lile,WSH,hr,official,5,NO,2026-05-02T03:04:41.852672+00:00,0,0.0,0.0782,+1,0.5,0.9901,-0.9119,DraftKings,0.036,98.061068824,,,0.0,0.339,0.382,0.417,0.285,0.244,0.95,3.05,,0.62,0.0
2026-05-01,696030,Alejandro Osuna,TEX,hr,official,7,NO,2026-05-02T03:04:41.858985+00:00,0,0.0,0.0521,+1,0.5,0.9901,-0.938,DraftKings,0.0,95.418745,,,0.0,0.504,0.286,0.571,0.397,0.105,1.55,5.46,,0.62,0.0
2026-05-01,696100,Hunter Goodman,COL,hr,probable_recent,3,LEAN,2026-05-02T03:04:41.848541+00:00,0,0.0,0.1258,,,,,,0.083,103.959293548,,,0.0,0.332,0.54,0.381,0.227,0.377,1.45,4.15,,0.38,0.0
2026-05-01,696285,Jacob Young,WSH,hr,official,9,LEAN,2026-05-02T03:04:41.852672+00:00,0,0.0,0.0803,+1,0.5,0.9901,-0.9098,DraftKings,0.037,98.1981505,,,0.0,0.31,0.349,0.398,0.278,0.218,0.95,3.05,,0.38,0.0
2026-05-01,699912,Jose Fernandez,AZ,hr,official,6,NO,2026-05-02T03:04:41.852672+00:00,0,0.0,0.0768,+1,0.5,0.9901,-0.9133,DraftKings,0.047,102.268200645,,,0.0,0.306,0.453,0.297,0.267,0.245,0.83,4.27,,0.38,0.0
2026-05-01,700250,Ben Rice,NYY,hr,official,2,YES,2026-05-02T03:04:41.848541+00:00,1,1.0,0.1541,+1,0.5,0.9901,-0.836,DraftKings,0.115,103.533069429,,,0.0,0.446,0.609,0.42,0.305,0.246,1.65,3.64,,0.62,0.0
2026-05-01,701350,Roman Anthony,BOS,hr,official,3,LEAN,2026-05-02T03:04:41.852672+00:00,0,0.0,0.0999,,,,,,0.052,102.468667813,,,0.0,0.336,0.469,0.391,0.248,0.302,1.91,3.85,,0.62,0.0
2026-05-01,701358,Cam Smith,HOU,hr,official,7,LEAN,2026-05-02T03:04:41.852672+00:00,0,0.0,0.0975,,,,,,0.089,102.827276944,,,0.0,0.348,0.452,0.315,0.252,0.306,1.8,0.0,,0.38,0.0
2026-05-01,701398,Sal Stewart,CIN,hr,official,4,LEAN,2026-05-02T03:04:41.850559+00:00,0,0.0,0.1138,+1,0.5,0.9901,-0.8763,DraftKings,0.142,102.431644091,,,0.0,0.403,0.446,0.391,0.28,0.249,0.22,3.85,,0.38,0.0
2026-05-01,701675,Nathan Church,STL,hr,probable_recent,7,LEAN,2026-05-02T03:04:41.852672+00:00,0,0.0,0.0991,+1,0.5,0.9901,-0.891,DraftKings,0.098,99.551048438,,,0.0,0.313,0.385,0.354,0.24,0.23,1.74,3.98,,0.62,0.0
2026-05-01,701678,Hao-Yu  Lee,DET,hr,official,9,LEAN,2026-05-02T03:04:41.850559+00:00,0,0.0,0.1058,,,,,,0.111,102.12791875,,,0.0,0.373,0.438,0.438,0.243,0.392,1.3,4.63,,0.38,0.0
2026-05-01,702222,Justin Crawford,PHI,hr,official,8,LEAN,2026-05-02T03:04:41.848541+00:00,0,0.0,0.1414,,,,,,1.0,98.097539143,,,0.0,0.282,0.352,0.31,0.24,0.208,1.49,5.15,,0.62,0.0
2026-05-01,702332,Caleb Durbin,BOS,hr,official,9,LEAN,2026-05-02T03:04:41.850559+00:00,0,0.0,0.1145,,,,,,0.9,96.599780488,,,0.0,0.272,0.301,0.241,0.218,0.145,1.91,3.85,,0.38,0.0
2026-05-01,802139,JJ Wetherholt,STL,hr,probable_recent,1,LEAN,2026-05-02T03:04:41.850559+00:00,0,0.0,0.106,+1,0.5,0.9901,-0.8841,DraftKings,0.063,99.660436596,,,0.0,0.364,0.447,0.362,0.227,0.234,1.74,3.98,,0.62,0.0
2026-05-01,802415,Chandler Simpson,TB,hr,official,1,NO,2026-05-02T03:04:41.858985+00:00,0,0.0,0.0439,,,,,,0.0,92.89724,,,0.0,0.285,0.135,0.304,0.279,0.102,1.59,4.51,,0.62,0.0
2026-05-01,804606,Konnor Griffin,PIT,hr,official,8,NO,2026-05-02T03:04:41.852672+00:00,0,0.0,0.0773,+1,0.5,0.9901,-0.9128,DraftKings,0.06,99.36620871,,,0.0,0.287,0.306,0.323,0.218,0.347,1.95,5.35,,0.38,0.0
2026-05-01,805300,Jakob Marsee,MIA,hr,official,1,NO,2026-05-02T03:04:41.852672+00:00,0,0.0,0.0623,,,,,,0.014,98.767139048,,,0.0,0.276,0.384,0.279,0.19,0.166,0.0,2.99,,0.62,0.0
2026-05-01,805808,Kevin McGonigle,DET,hr,official,2,LEAN,2026-05-02T03:04:41.852672+00:00,0,0.0,0.0993,+2,0.5,0.9804,-0.8811,DraftKings,0.096,99.6323224,,,0.0,0.415,0.404,0.455,0.304,0.12,1.3,4.63,,0.62,0.0
2026-05-01,807712,Luke Keaschall,MIN,hr,probable_recent,6,NO,2026-05-02T03:04:41.861010+00:00,0,0.0,0.0437,+1,0.5,0.9901,-0.9464,DraftKings,0.023,95.5153804,,,0.0,0.268,0.228,0.297,0.227,0.133,1.09,5.9,,0.38,0.0
2026-05-01,808975,Hyeseong Kim,LAD,hr,probable_recent,7,NO,2026-05-02T03:04:41.852672+00:00,0,0.0,0.0767,+1,0.5,0.9901,-0.9134,DraftKings,0.032,95.533600952,,,0.0,0.346,0.214,0.524,0.291,0.221,2.0,5.82,,0.62,0.0
2026-05-01,808982,Jung Hoo Lee,SF,hr,official,7,NO,2026-05-02T03:04:41.852672+00:00,0,0.0,0.0745,,,,,,0.025,97.7034225,,,0.0,0.327,0.354,0.365,0.291,0.149,0.31,4.36,,0.62,0.0
2026-05-01,810938,Ben Williamson,TB,hr,official,5,NO,2026-05-02T03:04:41.858985+00:00,0,0.0,0.0484,,,,,,0.0,0.0,,,0.0,0.544,0.0,0.0,0.309,0.0,1.59,4.51,,0.38,0.0
2026-05-04,502671,Paul Goldschmidt,NYY,hr,official,6,LEAN,2026-05-04T22:36:08.631250+00:00,0,0.0,0.1289,+1,0.5,0.9901,-0.8612,DraftKings,0.122,101.457765,89.8,0.0,0.0,0.393,0.481,0.37,0.274,0.157,0.79,4.09,,0.38,0.0
2026-05-04,514888,Jose Altuve,HOU,hr,probable_recent,5,NO,2026-05-04T22:36:08.643835+00:00,0,0.0,0.0712,+1,0.5,0.9901,-0.9189,DraftKings,0.049,97.893745102,85.8,0.0,0.0,0.321,0.356,0.317,0.254,0.229,0.96,3.98,,0.38,0.0
2026-05-04,518595,Travis d'Arnaud,LAA,hr,probable_recent,9,LEAN,2026-05-04T22:36:08.643835+00:00,0,0.0,0.0834,+1,0.5,0.9901,-0.9067,DraftKings,0.086,96.377093333,86.6,0.0,0.0,0.301,0.292,0.333,0.193,0.286,0.49,4.53,,0.38,0.0
2026-05-04,518692,Freddie Freeman,LAD,hr,probable_recent,2,LEAN,2026-05-04T22:36:08.633256+00:00,0,0.0,0.1251,+2,0.5,0.9804,-0.8553,DraftKings,0.099,101.636019643,92.1,0.0,0.0,0.382,0.482,0.366,0.298,0.197,1.2,4.44,,0.62,0.0
2026-05-04,521692,Salvador Perez,KC,hr,official,4,LEAN,2026-05-04T22:36:08.640254+00:00,0,0.0,0.0994,+1,0.5,0.9901,-0.8907,DraftKings,0.072,100.171354423,87.8,0.0,0.0,0.284,0.408,0.32,0.221,0.256,1.27,4.27,,0.38,0.0
2026-05-04,543760,Marcus Semien,NYM,hr,official,6,NO,2026-05-04T22:36:08.643835+00:00,0,0.0,0.068,+2,0.5,0.9804,-0.9124,DraftKings,0.045,96.722238936,85.9,0.0,0.0,0.283,0.33,0.34,0.231,0.236,1.41,5.53,,0.38,0.0
2026-05-04,543877,Christian Vázquez,HOU,hr,probable_recent,9,NO,2026-05-05T21:51:30.928506+00:00,0,0.0,0.058,,,,,,0.016,96.364202083,87.2,0.0,0.0,0.254,0.271,0.271,0.219,0.174,1.03,4.22,,0.38,0.0
2026-05-04,545361,Mike Trout,LAA,hr,probable_recent,2,YES,2026-05-04T22:36:08.631250+00:00,0,0.0,0.1505,+1,0.5,0.9901,-0.8396,DraftKings,0.127,104.434245366,92.5,0.0,0.0,0.464,0.506,0.373,0.283,0.213,0.49,4.53,,0.38,0.0
2026-05-04,547180,Bryce Harper,PHI,hr,official,3,LEAN,2026-05-04T22:36:08.635263+00:00,1,1.0,0.1052,+1,0.5,0.9901,-0.8849,DraftKings,0.097,100.790932745,88.5,0.0,0.0,0.389,0.396,0.347,0.266,0.276,0.55,3.51,,0.62,0.0
2026-05-04,571970,Max Muncy,LAD,hr,probable_recent,5,LEAN,2026-05-04T22:36:08.631250+00:00,0,0.0,0.1351,+1,0.5,0.9901,-0.855,DraftKings,0.11,102.507127073,92.3,0.0,0.0,0.426,0.543,0.358,0.306,0.274,1.2,4.44,,0.62,0.0
2026-05-04,572233,Christian Walker,HOU,hr,probable_recent,4,LEAN,2026-05-05T21:51:30.928506+00:00,0,0.0,0.1172,,,,,,0.095,102.779460385,91.1,0.0,0.0,0.367,0.5,0.317,0.271,0.284,1.03,4.22,,0.38,0.0
2026-05-04,573262,Mike Yastrzemski,ATL,hr,probable_recent,9,NO,2026-05-04T22:36:08.643835+00:00,0,0.0,0.0769,+1,0.5,0.9901,-0.9132,DraftKings,0.018,98.550551667,89.4,0.0,0.0,0.258,0.37,0.288,0.218,0.253,0.95,3.77,,0.62,0.0
2026-05-04,575929,Willson Contreras,BOS,hr,official,2,LEAN,2026-05-04T22:36:08.631250+00:00,0,0.0,0.1447,,,,,,0.106,104.11975525,92.1,0.0,0.0,0.418,0.469,0.37,0.276,0.349,1.32,5.89,,0.38,0.0
2026-05-04,592450,Aaron Judge,NYY,hr,official,2,YES,2026-05-04T22:36:08.631250+00:00,1,1.0,0.163,+1,0.5,0.9901,-0.8271,DraftKings,0.147,105.7390535,93.2,0.0,0.0,0.455,0.557,0.38,0.282,0.336,0.79,4.09,,0.38,0.0
2026-05-04,592518,Manny Machado,SD,hr,probable_recent,4,LEAN,2026-05-04T22:36:08.643835+00:00,0,0.0,0.0843,+1,0.5,0.9901,-0.9058,DraftKings,0.046,100.83817119,89.5,0.0,0.0,0.328,0.429,0.31,0.243,0.226,0.0,0.0,,0.38,0.0
2026-05-04,593428,Xander Bogaerts,SD,hr,probable_recent,5,LEAN,2026-05-04T22:36:08.643835+00:00,0,0.0,0.0828,+1,0.5,0.9901,-0.9073,DraftKings,0.052,100.037206939,88.3,0.0,0.0,0.35,0.378,0.327,0.277,0.211,0.0,0.0,,0.38,0.0
2026-05-04,596115,Trevor Story,BOS,hr,official,4,NO,2026-05-04T22:36:08.643835+00:00,0,0.0,0.0786,,,,,,0.022,99.234831556,88.9,0.0,0.0,0.258,0.418,0.33,0.225,0.292,1.32,5.89,,0.38,0.0
2026-05-04,596117,Garrett Stubbs,PHI,hr,official,8,LEAN,2026-05-04T22:36:08.643835+00:00,0,0.0,0.08,+1,0.5,0.9901,-0.9101,DraftKings,0.0,99.189932,93.2,0.0,0.0,0.272,0.455,0.182,0.268,0.087,0.55,3.51,,0.62,0.0
2026-05-04,606192,Teoscar Hernández,LAD,hr,probable_recent,3,LEAN,2026-05-04T22:36:08.640254+00:00,0,0.0,0.1009,,,,,,0.066,100.576984474,90.7,0.0,0.0,0.325,0.447,0.329,0.246,0.318,1.2,4.44,,0.38,0.0
2026-05-04,607208,Trea Turner,PHI,hr,official,1,LEAN,2026-05-04T22:36:08.643835+00:00,0,0.0,0.081,+1,0.5,0.9901,-0.9091,DraftKings,0.041,99.35421463,90.2,0.0,0.0,0.288,0.393,0.318,0.238,0.266,0.55,3.51,,0.38,0.0
2026-05-04,608070,José Ramírez,CLE,hr,official,3,LEAN,2026-05-04T22:36:08.633256+00:00,0,0.0,0.1193,,,,,,0.072,100.091243148,89.9,0.0,0.0,0.38,0.417,0.339,0.274,0.168,0.96,4.53,,0.55,0.0
2026-05-04,608324,Alex Bregman,CHC,hr,official,3,LEAN,2026-05-04T22:36:08.643835+00:00,0,0.0,0.0838,+2,0.5,0.9804,-0.8966,DraftKings,0.051,99.407123571,89.6,0.0,0.0,0.324,0.442,0.274,0.246,0.175,0.0,0.0,,0.38,0.0
2026-05-04,608348,Carson Kelly,CHC,hr,official,7,LEAN,2026-05-04T22:36:08.640254+00:00,0,0.0,0.104,+1,0.5,0.9901,-0.8861,DraftKings,0.073,101.209091176,91.6,0.0,0.0,0.357,0.5,0.265,0.27,0.211,0.0,0.0,,0.38,0.0
2026-05-04,608701,Rob Refsnyder,SEA,hr,probable_recent,5,LEAN,2026-05-05T21:51:30.928506+00:00,0,0.0,0.0918,,,,,,0.064,99.817989375,87.8,0.0,0.0,0.298,0.406,0.281,0.194,0.211,2.08,5.13,,0.38,0.0
2026-05-04,609280,Miguel Andujar,SD,hr,probable_recent,2,NO,2026-05-04T22:36:08.643835+00:00,0,0.0,0.0733,+1,0.5,0.9901,-0.9168,DraftKings,0.036,100.001880303,88.9,0.0,0.0,0.287,0.415,0.292,0.25,0.179,0.0,0.0,,0.38,0.0
2026-05-04,620443,Luis Torrens,NYM,hr,official,9,NO,2026-05-04T22:36:08.643835+00:00,0,0.0,0.0739,,,,,,0.0,100.704525385,90.0,0.0,0.0,0.264,0.556,0.37,0.247,0.286,1.41,5.53,,0.38,0.0
2026-05-04,621020,Dansby Swanson,CHC,hr,official,9,LEAN,2026-05-04T22:36:08.640254+00:00,0,0.0,0.0993,+1,0.5,0.9901,-0.8908,DraftKings,0.075,100.613750976,90.5,0.0,0.0,0.355,0.488,0.354,0.235,0.292,0.0,0.0,,0.38,0.0
2026-05-04,621043,Carlos Correa,HOU,hr,probable_recent,1,LEAN,2026-05-04T22:36:08.640254+00:00,0,0.0,0.1021,+1,0.5,0.9901,-0.888,DraftKings,0.073,101.799887292,89.1,0.0,0.0,0.375,0.406,0.365,0.298,0.217,0.96,3.98,,0.38,0.0
2026-05-04,621566,Matt Olson,ATL,hr,probable_recent,4,YES,2026-05-04T22:36:08.631250+00:00,1,1.0,0.1504,+1,0.5,0.9901,-0.8397,DraftKings,0.12,104.984532115,93.1,0.0,0.0,0.397,0.51,0.346,0.261,0.252,0.95,3.77,,0.62,0.0
2026-05-04,622761,Jorge Mateo,ATL,hr,probable_recent,8,LEAN,2026-05-04T22:36:08.633256+00:00,0,0.0,0.1245,+1,0.5,0.9901,-0.8656,DraftKings,0.091,103.14768,92.7,0.0,0.0,0.306,0.5,0.385,0.244,0.34,0.95,3.77,,0.38,0.0
2026-05-04,624413,Pete Alonso,BAL,hr,official,4,LEAN,2026-05-04T22:36:08.631250+00:00,0,0.0,0.1273,+1,0.5,0.9901,-0.8628,DraftKings,0.068,103.16058,95.3,0.0,0.0,0.353,0.567,0.322,0.237,0.273,0.22,2.38,,0.38,0.0
2026-05-04,624585,Jorge Soler,LAA,hr,probable_recent,4,LEAN,2026-05-04T22:36:08.640254+00:00,0,0.0,0.0953,+1,0.5,0.9901,-0.8948,DraftKings,0.067,101.099031316,88.5,0.0,0.0,0.328,0.44,0.373,0.222,0.349,0.49,4.53,,0.38,0.0
2026-05-04,630105,Jake Cronenworth,SD,hr,probable_recent,9,NO,2026-05-04T22:36:08.643835+00:00,0,0.0,0.0697,+1,0.5,0.9901,-0.9204,DraftKings,0.036,98.462801143,87.6,0.0,0.0,0.306,0.333,0.292,0.222,0.24,0.0,0.0,,0.62,0.0
2026-05-04,641343,Jake Bauers,MIL,hr,official,5,LEAN,2026-05-04T22:36:08.631250+00:00,0,0.0,0.1273,+1,0.5,0.9901,-0.8628,DraftKings,0.065,103.105237442,92.6,0.0,0.0,0.328,0.529,0.271,0.254,0.255,1.84,6.01,,0.62,0.0
2026-05-04,641355,Cody Bellinger,NYY,hr,official,3,LEAN,2026-05-04T22:36:08.640254+00:00,0,0.0,0.1008,+1,0.5,0.9901,-0.8893,DraftKings,0.056,99.044769412,89.2,0.0,0.0,0.369,0.402,0.392,0.281,0.19,0.79,4.09,,0.62,0.0
2026-05-04,641487,J.P. Crawford,SEA,hr,probable_recent,5,LEAN,2026-05-04T22:36:08.633256+00:00,1,1.0,0.1151,+1,0.5,0.9901,-0.875,DraftKings,0.061,99.319140556,89.2,0.0,0.0,0.376,0.373,0.373,0.265,0.164,2.19,4.78,,0.62,0.0
2026-05-04,641598,Mitch Garver,SEA,hr,probable_recent,8,LEAN,2026-05-05T21:51:30.928506+00:00,0,0.0,0.1007,,,,,,0.038,102.105703571,91.1,0.0,0.0,0.304,0.536,0.179,0.182,0.344,2.08,5.13,,0.38,0.0
2026-05-04,641857,Ryan McMahon,NYY,hr,official,8,LEAN,2026-05-04T22:36:08.633256+00:00,0,0.0,0.1109,+1,0.5,0.9901,-0.8792,DraftKings,0.067,101.491672308,92.0,0.0,0.0,0.298,0.538,0.308,0.215,0.325,0.79,4.09,,0.62,0.0
2026-05-04,642201,Eli White,ATL,hr,probable_recent,6,NO,2026-05-04T22:36:08.643835+00:00,0,0.0,0.0713,+2,0.5,0.9804,-0.9091,BetMGM,0.057,95.9318105,86.0,0.0,0.0,0.271,0.268,0.39,0.242,0.265,0.95,3.77,,0.38,0.0
2026-05-04,642715,Willy Adames,SF,hr,probable_recent,6,NO,2026-05-04T22:36:08.643835+00:00,0,0.0,0.0788,+1,0.5,0.9901,-0.9113,DraftKings,0.057,99.012797333,88.7,0.0,0.0,0.266,0.4,0.344,0.209,0.266,0.8,5.08,,0.38,0.0
2026-05-04,643217,Andrew Benintendi,CWS,hr,probable_recent,6,LEAN,2026-05-05T21:51:30.928506+00:00,0,0.0,0.1007,,,,,,0.071,99.565393824,89.4,0.0,0.0,0.305,0.565,0.42,0.247,0.341,0.96,3.89,,0.62,0.0
2026-05-04,643289,Mauricio Dubón,ATL,hr,probable_recent,1,NO,2026-05-04T22:36:08.643835+00:00,0,0.0,0.0793,,,,,,0.046,97.0439538,87.2,0.0,0.0,0.311,0.303,0.354,0.256,0.177,0.95,3.77,,0.38,0.0
2026-05-04,645277,Ozzie Albies,ATL,hr,probable_recent,3,NO,2026-05-04T22:36:08.643835+00:00,1,1.0,0.0763,+1,0.5,0.9901,-0.9138,DraftKings,0.033,97.212467213,86.9,0.0,0.0,0.32,0.289,0.364,0.267,0.229,0.95,3.77,,0.55,0.0
2026-05-04,646240,Rafael Devers,SF,hr,probable_recent,2,LEAN,2026-05-04T22:36:08.643835+00:00,0,0.0,0.0836,+1,0.5,0.9901,-0.9065,DraftKings,0.05,101.035970682,89.5,0.0,0.0,0.263,0.427,0.315,0.214,0.317,0.8,5.08,,0.62,0.0
2026-05-04,647304,Josh Naylor,SEA,hr,probable_recent,3,LEAN,2026-05-04T22:36:08.640254+00:00,0,0.0,0.0949,+1,0.5,0.9901,-0.8952,DraftKings,0.051,98.260973922,87.3,0.0,0.0,0.313,0.373,0.333,0.254,0.236,2.19,4.78,,0.62,0.0
2026-05-04,650333,Luis Arraez,SF,hr,probable_recent,4,NO,2026-05-04T22:36:08.643835+00:00,0,0.0,0.0544,+2,0.5,0.9804,-0.926,DraftKings,0.0,93.857273016,86.9,0.0,0.0,0.307,0.195,0.359,0.3,0.082,0.8,5.08,,0.62,0.0
2026-05-04,650489,Willi Castro,COL,hr,official,5,NO,2026-05-04T22:36:08.643835+00:00,0,0.0,0.0772,+2,0.5,0.9804,-0.9032,DraftKings,0.041,100.397231724,89.0,0.0,0.0,0.274,0.439,0.281,0.21,0.319,0.57,2.75,,0.55,0.0
2026-05-04,650490,Yandy Díaz,TB,hr,official,4,LEAN,2026-05-04T22:36:08.633256+00:00,0,0.0,0.1099,,,,,,0.044,102.099714706,90.3,0.0,0.0,0.381,0.45,0.287,0.312,0.138,2.33,5.49,,0.38,0.0
2026-05-04,650859,Luis Rengifo,MIL,hr,official,8,LEAN,2026-05-04T22:36:08.640254+00:00,0,0.0,0.0903,+1,0.5,0.9901,-0.8998,DraftKings,0.056,98.252687907,87.4,0.0,0.0,0.286,0.368,0.31,0.233,0.174,1.84,6.01,,0.55,0.0
2026-05-04,655316,Andruw Monasterio,BOS,hr,official,9,LEAN,2026-05-04T22:36:08.633256+00:00,0,0.0,0.1087,,,,,,0.059,99.219497778,90.9,0.0,0.0,0.342,0.459,0.459,0.277,0.183,1.32,5.89,,0.38,0.0
2026-05-04,656537,Derek Hill,CWS,hr,probable_recent,8,NO,2026-05-05T21:51:30.928506+00:00,0,0.0,0.077,,,,,,0.044,97.168822,86.4,0.0,0.0,0.323,0.32,0.4,0.257,0.314,0.96,3.89,,0.38,0.0
2026-05-04,656555,Rhys Hoskins,CLE,hr,official,4,LEAN,2026-05-04T22:36:08.633256+00:00,0,0.0,0.1064,+1,0.5,0.9901,-0.8837,DraftKings,0.053,100.454369583,90.5,0.0,0.0,0.312,0.479,0.354,0.187,0.32,0.96,4.53,,0.38,0.0
2026-05-04,656582,Connor Joe,SEA,hr,probable_recent,7,LEAN,2026-05-04T22:36:08.631250+00:00,0,0.0,0.149,,,,,,0.095,102.579714286,94.7,0.0,0.0,0.351,0.538,0.462,0.253,0.211,2.19,4.78,,0.38,0.0
2026-05-04,656941,Kyle Schwarber,PHI,hr,official,2,LEAN,2026-05-04T22:36:08.633256+00:00,0,0.0,0.1246,+1,0.5,0.9901,-0.8655,DraftKings,0.099,102.786765263,92.8,0.0,0.0,0.384,0.493,0.333,0.225,0.323,0.55,3.51,,0.62,0.0
2026-05-04,657041,Lane Thomas,KC,hr,official,6,NO,2026-05-04T22:36:08.643835+00:00,0,0.0,0.0725,+1,0.5,0.9901,-0.9176,DraftKings,0.013,97.87527375,85.6,0.0,0.0,0.331,0.396,0.396,0.237,0.201,1.27,4.27,,0.38,0.0
2026-05-04,657656,Ramón Laureano,SD,hr,probable_recent,1,LEAN,2026-05-04T22:36:08.640254+00:00,1,1.0,0.0931,,,,,,0.083,100.7633585,89.3,0.0,0.0,0.319,0.45,0.338,0.236,0.295,0.0,0.0,,0.38,0.0
2026-05-04,657757,Gavin Sheets,SD,hr,probable_recent,6,LEAN,2026-05-05T21:51:30.928506+00:00,0,0.0,0.0964,,,,,,0.071,100.387316571,89.1,0.0,0.0,0.311,0.443,0.329,0.239,0.199,1.29,2.43,,0.62,0.0
2026-05-04,660162,Yoán Moncada,LAA,hr,probable_recent,5,LEAN,2026-05-05T21:51:30.928506+00:00,0,0.0,0.0891,,,,,,0.046,100.703179231,90.1,0.0,0.0,0.277,0.415,0.34,0.163,0.291,0.41,4.22,,0.55,0.0
2026-05-04,660271,Shohei Ohtani,LAD,hr,probable_recent,1,NO,2026-05-04T22:36:08.643835+00:00,0,0.0,0.0498,+2,0.5,0.9804,-0.9306,DraftKings,0.017,75.3,87.3,0.0,0.0,0.239,0.378,0.203,0.183,0.314,1.2,4.44,,0.62,0.0
2026-05-04,660821,Jesús Sánchez,TOR,hr,official,4,LEAN,2026-05-04T22:36:08.633256+00:00,0,0.0,0.1104,,,,,,0.061,102.094991364,93.2,0.0,0.0,0.338,0.506,0.31,0.288,0.232,0.73,3.85,,0.62,0.0
2026-05-04,660844,Leo Rivas,SEA,hr,probable_recent,9,LEAN,2026-05-04T22:36:08.631250+00:00,0,0.0,0.1388,+1,0.5,0.9901,-0.8513,DraftKings,1.0,93.389315926,86.4,0.0,0.0,0.245,0.13,0.352,0.155,0.24,2.19,4.78,,0.55,0.0
2026-05-04,661388,William Contreras,MIL,hr,official,4,LEAN,2026-05-04T22:36:08.633256+00:00,0,0.0,0.1114,+2,0.5,0.9804,-0.869,DraftKings,0.058,100.786190182,89.8,0.0,0.0,0.351,0.431,0.284,0.288,0.149,1.84,6.01,,0.38,0.0
2026-05-04,662139,Daulton Varsho,TOR,hr,official,6,NO,2026-05-04T22:36:08.643835+00:00,0,0.0,0.068,+1,0.5,0.9901,-0.9221,BetMGM,0.049,97.849396667,85.4,0.0,0.0,0.311,0.341,0.352,0.251,0.202,0.73,3.85,,0.62,0.0
2026-05-04,663330,Jahmai Jones,DET,hr,official,1,LEAN,2026-05-04T22:36:08.631250+00:00,0,0.0,0.1492,+2,0.5,0.9804,-0.8312,BetMGM,0.128,103.345804615,93.7,0.0,0.0,0.384,0.56,0.4,0.295,0.27,0.84,1.8,,0.38,0.0
2026-05-04,663538,Nico Hoerner,CHC,hr,official,1,NO,2026-05-04T22:36:08.643835+00:00,0,0.0,0.0599,+2,0.5,0.9804,-0.9205,DraftKings,0.02,95.9697505,86.4,0.0,0.0,0.343,0.264,0.405,0.297,0.104,0.0,0.0,,0.38,0.0
2026-05-04,663586,Austin Riley,ATL,hr,probable_recent,5,LEAN,2026-05-04T22:36:08.640254+00:00,1,1.0,0.1004,+1,0.5,0.9901,-0.8897,DraftKings,0.054,101.476584681,90.7,0.0,0.0,0.292,0.457,0.266,0.21,0.343,0.95,3.77,,0.38,0.0
2026-05-04,663647,Ke'Bryan Hayes,CIN,hr,official,9,LEAN,2026-05-04T22:36:08.633256+00:00,1,1.0,0.1058,+1,0.5,0.9901,-0.8843,DraftKings,0.089,100.064161515,91.8,0.0,0.0,0.307,0.414,0.371,0.237,0.209,0.76,3.79,,0.38,0.0
2026-05-04,663656,Kyle Tucker,LAD,hr,probable_recent,4,LEAN,2026-05-04T22:36:08.640254+00:00,1,1.0,0.0884,+1,0.5,0.9901,-0.9017,DraftKings,0.048,98.9184674,89.3,0.0,0.0,0.316,0.42,0.38,0.236,0.229,1.2,4.44,,0.62,0.0
2026-05-04,663743,Nick Fortes,TB,hr,official,8,NO,2026-05-04T22:36:08.643835+00:00,0,0.0,0.0782,+1,0.5,0.9901,-0.9119,DraftKings,0.011,100.755563889,87.4,0.0,0.0,0.3,0.425,0.274,0.275,0.149,2.33,5.49,,0.38,0.0
2026-05-04,663757,Trent Grisham,NYY,hr,official,1,LEAN,2026-05-04T22:36:08.631250+00:00,0,0.0,0.1266,+1,0.5,0.9901,-0.8635,DraftKings,0.094,101.503458837,91.8,0.0,0.0,0.365,0.518,0.282,0.235,0.159,0.79,4.09,,0.62,0.0
2026-05-04,663837,Matt Vierling,DET,hr,official,2,NO,2026-05-04T22:36:08.643835+00:00,0,0.0,0.0737,+1,0.5,0.9901,-0.9164,BetMGM,0.026,98.559441724,87.8,0.0,0.0,0.286,0.379,0.345,0.246,0.178,0.84,1.8,,0.38,0.0
2026-05-04,663886,Tyler Stephenson,CIN,hr,official,7,LEAN,2026-05-04T22:36:08.633256+00:00,0,0.0,0.1173,+1,0.5,0.9901,-0.8728,DraftKings,0.086,101.382855556,93.5,0.0,0.0,0.343,0.545,0.345,0.225,0.267,0.76,3.79,,0.38,0.0
2026-05-04,663993,Nathaniel Lowe,CIN,hr,official,5,LEAN,2026-05-04T22:36:08.633256+00:00,0,0.0,0.1211,+1,0.5,0.9901,-0.869,DraftKings,0.101,102.291442174,91.3,0.0,0.0,0.391,0.521,0.5,0.29,0.206,0.76,3.79,,0.62,0.0
2026-05-04,664023,Ian Happ,CHC,hr,official,4,LEAN,2026-05-04T22:36:08.640254+00:00,0,0.0,0.099,+1,0.5,0.9901,-0.8911,DraftKings,0.082,101.27487425,89.3,0.0,0.0,0.359,0.4,0.338,0.214,0.344,0.0,0.0,,0.55,0.0
2026-05-04,664702,Myles Straw,TOR,hr,official,7,LEAN,2026-05-04T22:36:08.643835+00:00,0,0.0,0.0852,+1,0.5,0.9901,-0.9049,DraftKings,0.051,97.668386364,88.5,0.0,0.0,0.366,0.298,0.34,0.322,0.103,0.73,3.85,,0.38,0.0
2026-05-04,664761,Alec Bohm,PHI,hr,official,7,LEAN,2026-05-04T22:36:08.631250+00:00,0,0.0,0.1341,+1,0.5,0.9901,-0.856,DraftKings,0.8,98.828244898,88.9,0.0,0.0,0.27,0.378,0.378,0.217,0.182,0.55,3.51,,0.38,0.0
2026-05-04,665487,Fernando Tatis Jr.,SD,hr,probable_recent,2,LEAN,2026-05-05T21:51:30.928506+00:00,0,0.0,0.1246,,,,,,0.084,105.680288043,93.0,0.0,0.0,0.352,0.609,0.38,0.276,0.314,1.29,2.43,,0.38,0.0
2026-05-04,665489,Vladimir Guerrero Jr.,TOR,hr,official,3,LEAN,2026-05-04T22:36:08.633256+00:00,0,0.0,0.1154,+1,0.5,0.9901,-0.8747,BetMGM,0.083,103.065968182,91.6,0.0,0.0,0.382,0.45,0.321,0.317,0.205,0.73,3.85,,0.38,0.0
2026-05-04,665742,Juan Soto,NYM,hr,official,1,YES,2026-05-04T22:36:08.631250+00:00,0,0.0,0.1545,+1,0.5,0.9901,-0.8356,DraftKings,0.159,103.569737143,92.7,0.0,0.0,0.431,0.509,0.386,0.301,0.213,1.41,5.53,,0.62,0.0
2026-05-04,665750,Leody Taveras,BAL,hr,official,6,LEAN,2026-05-04T22:36:08.643835+00:00,0,0.0,0.08,+1,0.5,0.9901,-0.9101,DraftKings,0.035,98.817803929,87.3,0.0,0.0,0.357,0.357,0.429,0.261,0.26,0.22,2.38,,0.55,0.0
2026-05-04,665862,Jazz Chisholm Jr.,NYY,hr,official,5,LEAN,2026-05-04T22:36:08.643835+00:00,0,0.0,0.0869,+1,0.5,0.9901,-0.9032,DraftKings,0.037,99.81328275,89.6,0.0,0.0,0.281,0.398,0.241,0.203,0.296,0.79,4.09,,0.62,0.0
2026-05-04,665926,Andrés Giménez,TOR,hr,official,8,NO,2026-05-04T22:36:08.643835+00:00,0,0.0,0.0546,,,,,,0.025,96.000346383,86.0,0.0,0.0,0.255,0.271,0.25,0.224,0.213,0.73,3.85,,0.62,0.0
2026-05-04,665966,Carlos Narváez,BOS,hr,official,8,LEAN,2026-05-04T22:36:08.633256+00:00,0,0.0,0.1106,,,,,,0.068,99.967794167,92.6,0.0,0.0,0.266,0.449,0.388,0.216,0.266,1.32,5.89,,0.38,0.0
2026-05-04,666018,Jonathan Aranda,TB,hr,official,5,LEAN,2026-05-04T22:36:08.633256+00:00,0,0.0,0.108,+1,0.5,0.9901,-0.8821,BetMGM,0.063,99.538117727,89.8,0.0,0.0,0.35,0.402,0.414,0.242,0.236,2.33,5.49,,0.62,0.0
2026-05-04,666023,Freddy Fermin,SD,hr,probable_recent,8,NO,2026-05-04T22:36:08.643835+00:00,0,0.0,0.0516,+1,0.5,0.9901,-0.9385,DraftKings,0.0,96.866155714,87.2,0.0,0.0,0.282,0.341,0.293,0.195,0.282,0.0,0.0,,0.38,0.0
2026-05-04,666139,Josh Lowe,LAA,hr,probable_recent,6,NO,2026-05-04T22:36:08.643835+00:00,0,0.0,0.0734,+1,0.5,0.9901,-0.9167,DraftKings,0.052,96.892684194,87.6,0.0,0.0,0.254,0.317,0.302,0.186,0.258,0.49,4.53,,0.62,0.0
2026-05-04,666152,David Hamilton,MIL,hr,official,9,NO,2026-05-04T22:36:08.643835+00:00,0,0.0,0.0674,+1,0.5,0.9901,-0.9227,DraftKings,0.02,96.444763704,84.6,0.0,0.0,0.305,0.273,0.194,0.23,0.2,1.84,6.01,,0.62,0.0
2026-05-04,666160,Mickey Moniak,COL,hr,official,1,LEAN,2026-05-04T22:36:08.633256+00:00,0,0.0,0.1097,+2,0.5,0.9804,-0.8707,DraftKings,0.103,100.382055946,90.3,0.0,0.0,0.354,0.425,0.329,0.248,0.284,0.57,2.75,,0.62,0.0
2026-05-04,666176,Jo Adell,LAA,hr,probable_recent,5,LEAN,2026-05-04T22:36:08.640254+00:00,0,0.0,0.0926,+1,0.5,0.9901,-0.8975,DraftKings,0.04,101.560483455,90.2,0.0,0.0,0.311,0.45,0.279,0.267,0.247,0.49,4.53,,0.38,0.0
2026-05-04,666181,Will Benson,CIN,hr,official,8,LEAN,2026-05-04T22:36:08.640254+00:00,0,0.0,0.0932,+1,0.5,0.9901,-0.8969,DraftKings,0.07,99.477388667,90.4,0.0,0.0,0.287,0.344,0.313,0.176,0.346,0.76,3.79,,0.62,0.0
2026-05-04,666182,Bo Bichette,NYM,hr,official,2,LEAN,2026-05-04T22:36:08.640254+00:00,0,0.0,0.0961,+1,0.5,0.9901,-0.894,BetMGM,0.027,101.628471754,91.8,0.0,0.0,0.319,0.478,0.327,0.289,0.197,1.41,5.53,,0.38,0.0
2026-05-04,666310,Bo Naylor,CLE,hr,official,8,LEAN,2026-05-04T22:36:08.633256+00:00,0,0.0,0.1069,+1,0.5,0.9901,-0.8832,DraftKings,0.075,99.685873929,89.4,0.0,0.0,0.294,0.396,0.345,0.215,0.153,0.96,4.53,,0.62,0.0
2026-05-04,666624,Christopher Morel,MIA,hr,official,6,NO,2026-05-04T22:36:08.643835+00:00,0,0.0,0.053,+1,0.5,0.9901,-0.9371,DraftKings,0.0,102.6049875,0.0,0.0,0.0,0.311,0.571,0.286,0.256,0.412,1.72,4.85,,0.38,0.0
2026-05-04,666969,Adolis García,PHI,hr,official,4,LEAN,2026-05-04T22:36:08.640254+00:00,0,0.0,0.1041,,,,,,0.06,101.50532907,92.9,0.0,0.0,0.326,0.512,0.36,0.254,0.295,0.55,3.51,,0.38,0.0
2026-05-04,668227,Randy Arozarena,SEA,hr,probable_recent,4,LEAN,2026-05-04T22:36:08.633256+00:00,0,0.0,0.1094,+1,0.5,0.9901,-0.8807,DraftKings,0.041,100.331125957,90.6,0.0,0.0,0.332,0.419,0.387,0.256,0.261,2.19,4.78,,0.38,0.0
2026-05-04,668709,JJ Bleday,CIN,hr,official,2,LEAN,2026-05-04T22:36:08.631250+00:00,1,1.0,0.1273,+1,0.5,0.9901,-0.8628,DraftKings,0.05,103.884871429,94.5,0.0,0.0,0.544,0.538,0.769,0.445,0.308,0.76,3.79,,0.62,0.0
2026-05-04,668715,Spencer Steer,CIN,hr,official,6,LEAN,2026-05-04T22:36:08.633256+00:00,0,0.0,0.1136,+1,0.5,0.9901,-0.8765,DraftKings,0.108,100.481983889,90.3,0.0,0.0,0.374,0.408,0.421,0.262,0.254,0.76,3.79,,0.38,0.0
2026-05-04,668723,Ryan Vilade,TB,hr,official,3,NO,2026-05-04T22:36:08.643835+00:00,1,1.0,0.0718,+1,0.5,0.9901,-0.9183,BetMGM,0.0,97.50552125,88.9,0.0,0.0,0.258,0.281,0.375,0.228,0.213,2.33,5.49,,0.38,0.0
2026-05-04,668901,Mark Vientos,NYM,hr,official,4,LEAN,2026-05-04T22:36:08.640254+00:00,0,0.0,0.0927,+2,0.5,0.9804,-0.8877,DraftKings,0.055,100.313525,89.3,0.0,0.0,0.317,0.429,0.365,0.25,0.313,1.41,5.53,,0.38,0.0
2026-05-04,668930,Brice Turang,MIL,hr,official,3,LEAN,2026-05-04T22:36:08.631250+00:00,1,1.0,0.1379,+2,0.5,0.9804,-0.8425,DraftKings,0.065,102.474860732,92.7,0.0,0.0,0.419,0.518,0.422,0.292,0.181,1.84,6.01,,0.62,0.0
2026-05-04,668939,Adley Rutschman,BAL,hr,official,2,LEAN,2026-05-04T22:36:08.643835+00:00,0,0.0,0.085,+1,0.5,0.9901,-0.9051,DraftKings,0.053,99.310944516,88.6,0.0,0.0,0.301,0.443,0.344,0.24,0.122,0.22,2.38,,0.55,0.0
2026-05-04,669003,Garrett Mitchell,MIL,hr,official,1,LEAN,2026-05-04T22:36:08.633256+00:00,0,0.0,0.1174,+1,0.5,0.9901,-0.8727,DraftKings,0.061,103.6975104,90.0,0.0,0.0,0.339,0.451,0.314,0.213,0.396,1.84,6.01,,0.62,0.0
2026-05-04,669004,MJ Melendez,NYM,hr,official,3,LEAN,2026-05-04T22:36:08.633256+00:00,0,0.0,0.1242,+2,0.5,0.9804,-0.8562,DraftKings,0.077,104.085737273,97.0,0.0,0.0,0.288,0.636,0.318,0.203,0.333,1.41,5.53,,0.62,0.0
2026-05-04,669016,Brandon Marsh,PHI,hr,official,5,LEAN,2026-05-04T22:36:08.640254+00:00,0,0.0,0.0936,+1,0.5,0.9901,-0.8965,DraftKings,0.044,100.800806429,91.1,0.0,0.0,0.333,0.5,0.44,0.281,0.197,0.55,3.51,,0.62,0.0
2026-05-04,669065,Kyle Stowers,MIA,hr,official,2,LEAN,2026-05-04T22:36:08.640254+00:00,0,0.0,0.093,+1,0.5,0.9901,-0.8971,DraftKings,0.019,100.531080588,91.4,0.0,0.0,0.305,0.576,0.273,0.251,0.292,1.72,4.85,,0.62,0.0
2026-05-04,669224,Austin Wells,NYY,hr,official,7,LEAN,2026-05-04T22:36:08.640254+00:00,0,0.0,0.101,+1,0.5,0.9901,-0.8891,DraftKings,0.031,101.161156667,91.6,0.0,0.0,0.328,0.484,0.274,0.235,0.251,0.79,4.09,,0.62,0.0
2026-05-04,669236,Jeremiah Jackson,BAL,hr,official,8,LEAN,2026-05-04T22:36:08.640254+00:00,0,0.0,0.089,+1,0.5,0.9901,-0.9011,DraftKings,0.063,100.095414286,88.8,0.0,0.0,0.3,0.357,0.31,0.254,0.288,0.22,2.38,,0.38,0.0
2026-05-04,669257,Will Smith,LAD,hr,probable_recent,3,LEAN,2026-05-05T21:51:30.928506+00:00,0,0.0,0.1105,,,,,,0.107,99.780737317,89.1,0.0,0.0,0.372,0.378,0.427,0.277,0.153,1.15,4.93,,0.38,0.0
2026-05-04,669357,Nolan Gorman,STL,hr,official,5,LEAN,2026-05-04T22:36:08.640254+00:00,0,0.0,0.0875,+1,0.5,0.9901,-0.9026,DraftKings,0.056,100.43239525,88.0,0.0,0.0,0.295,0.438,0.375,0.213,0.328,0.64,4.27,,0.62,0.0
2026-05-04,669364,Xavier Edwards,MIA,hr,official,4,LEAN,2026-05-04T22:36:08.640254+00:00,0,0.0,0.0905,+2,0.5,0.9804,-0.8899,BetMGM,0.041,97.688189273,88.5,0.0,0.0,0.363,0.387,0.369,0.293,0.149,1.72,4.85,,0.55,0.0
2026-05-04,669477,Casey Schmitt,SF,hr,probable_recent,3,LEAN,2026-05-04T22:36:08.633256+00:00,1,1.0,0.1116,,,,,,0.115,101.017665366,89.1,0.0,0.0,0.37,0.458,0.41,0.285,0.223,0.8,5.08,,0.38,0.0
2026-05-04,670097,Zack Short,DET,hr,official,9,NO,2026-05-04T22:36:08.643835+00:00,0,0.0,0.03,,,,,,0.0,0.0,0.0,0.0,0.0,0.0,0.0,0.0,0.0,0.0,0.84,1.8,,0.38,0.0
2026-05-04,670541,Yordan Alvarez,HOU,hr,probable_recent,2,YES,2026-05-04T22:36:08.631250+00:00,0,0.0,0.15,+1,0.5,0.9901,-0.8401,DraftKings,0.127,105.042131034,93.8,0.0,0.0,0.51,0.504,0.452,0.36,0.198,0.96,3.98,,0.62,0.0
2026-05-04,670623,Isaac Paredes,HOU,hr,probable_recent,3,NO,2026-05-04T22:36:08.643835+00:00,0,0.0,0.0681,+1,0.5,0.9901,-0.922,DraftKings,0.024,96.370635333,87.6,0.0,0.0,0.314,0.267,0.344,0.239,0.178,0.96,3.98,,0.38,0.0
2026-05-04,670764,Taylor Walls,TB,hr,official,9,NO,2026-05-04T22:36:08.643835+00:00,0,0.0,0.0397,+1,0.5,0.9901,-0.9504,DraftKings,0.0,93.373537391,82.0,0.0,0.0,0.23,0.157,0.255,0.162,0.216,2.33,5.49,,0.55,0.0
2026-05-04,670770,TJ Friedl,CIN,hr,official,1,NO,2026-05-04T22:36:08.643835+00:00,0,0.0,0.0611,+1,0.5,0.9901,-0.929,DraftKings,0.015,97.70895775,87.8,0.0,0.0,0.254,0.304,0.283,0.199,0.24,0.76,3.79,,0.62,0.0
2026-05-04,671056,Iván Herrera,STL,hr,official,2,LEAN,2026-05-04T22:36:08.633256+00:00,0,0.0,0.1098,,,,,,0.051,102.403194167,90.8,0.0,0.0,0.384,0.469,0.271,0.266,0.208,0.64,4.27,,0.38,0.0
2026-05-04,671218,Heliot Ramos,SF,hr,probable_recent,1,LEAN,2026-05-04T22:36:08.633256+00:00,0,0.0,0.1251,+1,0.5,0.9901,-0.865,DraftKings,0.1,104.762292683,93.4,0.0,0.0,0.337,0.541,0.353,0.282,0.282,0.8,5.08,,0.38,0.0
2026-05-04,671289,Tyler Freeman,COL,hr,official,2,NO,2026-05-04T22:36:08.643835+00:00,0,0.0,0.0646,+2,0.5,0.9804,-0.9158,BetMGM,0.0,97.98735,87.7,0.0,0.0,0.35,0.315,0.315,0.297,0.128,0.57,2.75,,0.38,0.0
2026-05-04,671739,Michael Harris II,ATL,hr,probable_recent,7,YES,2026-05-05T21:51:30.926500+00:00,0,0.0,0.1624,,,,,,0.14,106.058655581,95.2,0.0,0.0,0.439,0.575,0.299,0.34,0.267,1.64,4.77,,0.62,0.0
2026-05-04,671976,Tristan Peters,CWS,hr,probable_recent,7,NO,2026-05-04T22:36:08.643835+00:00,0,0.0,0.0732,+2,0.5,0.9804,-0.9072,BetMGM,0.024,97.60195,88.4,0.0,0.0,0.28,0.232,0.304,0.231,0.271,0.63,3.1,,0.62,0.0
2026-05-04,672284,Jarred Kelenic,CWS,hr,probable_recent,7,YES,2026-05-05T21:51:30.926500+00:00,0,0.0,0.1751,,,,,,0.167,103.289316,94.5,0.0,0.0,0.476,0.5,0.4,0.378,0.313,0.96,3.89,,0.62,0.0
2026-05-04,672580,Maikel Garcia,KC,hr,official,1,LEAN,2026-05-04T22:36:08.633256+00:00,0,0.0,0.1138,+2,0.5,0.9804,-0.8666,BetMGM,0.057,101.072037843,90.3,0.0,0.0,0.338,0.452,0.346,0.28,0.172,1.27,4.27,,0.38,0.0
2026-05-04,672640,Otto Lopez,MIA,hr,official,3,LEAN,2026-05-04T22:36:08.633256+00:00,0,0.0,0.1136,+3,0.5,0.9709,-0.8573,DraftKings,0.071,101.905215385,91.5,0.0,0.0,0.346,0.467,0.295,0.294,0.23,1.72,4.85,,0.38,0.0
2026-05-04,672724,Oswald Peraza,LAA,hr,probable_recent,8,LEAN,2026-05-04T22:36:08.643835+00:00,0,0.0,0.0871,,,,,,0.059,99.609910313,87.7,0.0,0.0,0.326,0.343,0.418,0.265,0.322,0.49,4.53,,0.38,0.0
2026-05-04,672761,Wenceel Pérez,DET,hr,official,6,LEAN,2026-05-04T22:36:08.633256+00:00,0,0.0,0.1066,,,,,,0.082,98.7992368,90.1,0.0,0.0,0.321,0.46,0.28,0.232,0.143,0.84,1.8,,0.55,0.0
2026-05-04,672960,Kazuma Okamoto,TOR,hr,official,2,LEAN,2026-05-04T22:36:08.633256+00:00,0,0.0,0.1225,+1,0.5,0.9901,-0.8676,BetMGM,0.094,103.857674524,93.0,0.0,0.0,0.359,0.518,0.337,0.242,0.321,0.73,3.85,,0.38,0.0
2026-05-04,673548,Seiya Suzuki,CHC,hr,official,5,LEAN,2026-05-04T22:36:08.640254+00:00,1,1.0,0.0967,+2,0.5,0.9804,-0.8837,DraftKings,0.054,101.738857857,90.6,0.0,0.0,0.37,0.464,0.464,0.283,0.248,0.0,0.0,,0.38,0.0
2026-05-04,676356,Jonny DeLuca,TB,hr,official,6,LEAN,2026-05-04T22:36:08.640254+00:00,0,0.0,0.0885,+1,0.5,0.9901,-0.9016,BetMGM,0.042,99.209095556,88.2,0.0,0.0,0.302,0.321,0.304,0.265,0.226,2.33,5.49,,0.38,0.0
2026-05-04,676391,Ernie Clement,TOR,hr,official,5,NO,2026-05-04T22:36:08.643835+00:00,0,0.0,0.0502,+1,0.5,0.9901,-0.9399,DraftKings,0.0,95.879891639,86.4,0.0,0.0,0.28,0.266,0.315,0.266,0.149,0.73,3.85,,0.38,0.0
2026-05-04,676475,Alec Burleson,STL,hr,official,3,LEAN,2026-05-04T22:36:08.631250+00:00,0,0.0,0.1276,+1,0.5,0.9901,-0.8625,DraftKings,0.095,101.858449636,91.2,0.0,0.0,0.397,0.473,0.309,0.284,0.184,0.64,4.27,,0.62,0.0
2026-05-04,676609,José Caballero,NYY,hr,official,9,NO,2026-05-04T22:36:08.643835+00:00,0,0.0,0.0487,,,,,,0.024,96.604455714,83.4,0.0,0.0,0.263,0.292,0.281,0.219,0.277,0.79,4.09,,0.38,0.0
2026-05-04,677587,Brayan Rocchio,CLE,hr,official,9,NO,2026-05-04T22:36:08.643835+00:00,0,0.0,0.065,+1,0.5,0.9901,-0.9251,DraftKings,0.016,96.616941429,85.1,0.0,0.0,0.309,0.277,0.252,0.255,0.214,0.96,4.53,,0.55,0.0
2026-05-04,677594,Julio Rodríguez,SEA,hr,probable_recent,2,LEAN,2026-05-04T22:36:08.633256+00:00,0,0.0,0.1093,,,,,,0.053,101.750553462,89.2,0.0,0.0,0.332,0.423,0.317,0.261,0.277,2.19,4.78,,0.38,0.0
2026-05-04,677800,Wilyer Abreu,BOS,hr,official,5,LEAN,2026-05-04T22:36:08.633256+00:00,0,0.0,0.1187,+1,0.5,0.9901,-0.8714,BetMGM,0.079,101.44743449,89.8,0.0,0.0,0.372,0.465,0.323,0.289,0.206,1.32,5.89,,0.62,0.0
2026-05-04,677942,Blaze Alexander,BAL,hr,official,9,LEAN,2026-05-04T22:36:08.643835+00:00,0,0.0,0.0845,+2,0.5,0.9804,-0.8959,BetMGM,0.012,99.759146667,91.6,0.0,0.0,0.303,0.49,0.347,0.275,0.341,0.22,2.38,,0.38,0.0
2026-05-04,677951,Bobby Witt Jr.,KC,hr,official,2,LEAN,2026-05-04T22:36:08.631250+00:00,1,1.0,0.1383,+2,0.5,0.9804,-0.8421,DraftKings,0.078,103.208452222,92.5,0.0,0.0,0.373,0.495,0.358,0.298,0.252,1.27,4.27,,0.38,0.0
2026-05-04,678218,Brandon Valenzuela,TOR,hr,official,9,NO,2026-05-04T22:36:08.643835+00:00,0,0.0,0.0776,+1,0.5,0.9901,-0.9125,DraftKings,0.064,99.799880667,87.2,0.0,0.0,0.276,0.4,0.333,0.207,0.344,0.73,3.85,,0.55,0.0
2026-05-04,678246,Miguel Vargas,CWS,hr,probable_recent,3,LEAN,2026-05-04T22:36:08.640254+00:00,1,1.0,0.1046,+1,0.5,0.9901,-0.8855,DraftKings,0.076,100.565706383,88.9,0.0,0.0,0.364,0.447,0.404,0.241,0.18,0.63,3.1,,0.38,0.0
2026-05-04,678662,Ezequiel Tovar,COL,hr,official,8,NO,2026-05-04T22:36:08.643835+00:00,0,0.0,0.0718,+2,0.5,0.9804,-0.9086,DraftKings,0.053,98.74601093,87.1,0.0,0.0,0.288,0.36,0.43,0.233,0.302,0.57,2.75,,0.38,0.0
2026-05-04,678882,Ceddanne Rafaela,BOS,hr,official,6,LEAN,2026-05-04T22:36:08.643835+00:00,0,0.0,0.0855,,,,,,0.043,98.436307179,88.2,0.0,0.0,0.294,0.392,0.367,0.235,0.273,1.32,5.89,,0.38,0.0
2026-05-04,679529,Spencer Torkelson,DET,hr,official,5,LEAN,2026-05-04T22:36:08.633256+00:00,0,0.0,0.1248,,,,,,0.091,101.704935278,91.5,0.0,0.0,0.374,0.479,0.466,0.243,0.263,0.84,1.8,,0.38,0.0
2026-05-04,679845,Nick Loftin,KC,hr,official,9,LEAN,2026-05-04T22:36:08.643835+00:00,0,0.0,0.0871,+1,0.5,0.9901,-0.903,DraftKings,0.027,97.731681429,87.5,0.0,0.0,0.344,0.393,0.25,0.268,0.091,1.27,4.27,,0.38,0.0
2026-05-04,680757,Steven Kwan,CLE,hr,official,1,LEAN,2026-05-04T22:36:08.633256+00:00,0,0.0,0.1212,+2,0.5,0.9804,-0.8592,DraftKings,0.7,91.817878491,82.3,0.0,0.0,0.289,0.11,0.327,0.237,0.077,0.96,4.53,,0.62,0.0
2026-05-04,680776,Jarren Duran,BOS,hr,official,1,LEAN,2026-05-04T22:36:08.633256+00:00,1,1.0,0.1139,,,,,,0.082,102.266705122,90.0,0.0,0.0,0.308,0.41,0.277,0.237,0.347,1.32,5.89,,0.62,0.0
2026-05-04,681082,Bryson Stott,PHI,hr,official,6,LEAN,2026-05-04T22:36:08.643835+00:00,0,0.0,0.0818,+1,0.5,0.9901,-0.9083,DraftKings,0.038,99.130838205,90.3,0.0,0.0,0.29,0.45,0.275,0.242,0.178,0.55,3.51,,0.62,0.0
2026-05-04,681198,TJ Rumfield,COL,hr,official,3,NO,2026-05-04T22:36:08.643835+00:00,0,0.0,0.0779,+2,0.5,0.9804,-0.9025,DraftKings,0.064,98.998535577,85.9,0.0,0.0,0.34,0.39,0.371,0.27,0.207,0.57,2.75,,0.62,0.0
2026-05-04,681297,Colton Cowser,BAL,hr,official,7,NO,2026-05-04T22:36:08.643835+00:00,0,0.0,0.0722,+2,0.5,0.9804,-0.9082,DraftKings,0.057,100.051293,85.5,0.0,0.0,0.28,0.4,0.25,0.197,0.381,0.22,2.38,,0.62,0.0
2026-05-04,681624,Andy Pages,LAD,hr,probable_recent,7,LEAN,2026-05-04T22:36:08.640254+00:00,0,0.0,0.0971,+1,0.5,0.9901,-0.893,DraftKings,0.037,101.787384681,90.8,0.0,0.0,0.349,0.532,0.362,0.294,0.245,1.2,4.44,,0.38,0.0
2026-05-04,681807,David Fry,CLE,hr,official,6,LEAN,2026-05-04T22:36:08.643835+00:00,1,1.0,0.0832,+1,0.5,0.9901,-0.9069,DraftKings,0.042,98.187235,87.9,0.0,0.0,0.277,0.391,0.348,0.167,0.311,0.96,4.53,,0.38,0.0
2026-05-04,682177,Daniel Schneemann,CLE,hr,official,2,LEAN,2026-05-04T22:36:08.633256+00:00,0,0.0,0.1137,+1,0.5,0.9901,-0.8764,DraftKings,0.065,99.679191071,90.1,0.0,0.0,0.349,0.426,0.436,0.262,0.351,0.96,4.53,,0.62,0.0
2026-05-04,682626,Francisco Alvarez,NYM,hr,official,8,LEAN,2026-05-04T22:36:08.633256+00:00,0,0.0,0.107,,,,,,0.093,100.9915475,89.5,0.0,0.0,0.331,0.408,0.254,0.23,0.277,1.41,5.53,,0.38,0.0
2026-05-04,682657,Angel Martínez,CLE,hr,official,7,LEAN,2026-05-04T22:36:08.633256+00:00,0,0.0,0.1057,,,,,,0.073,100.356190976,88.3,0.0,0.0,0.324,0.373,0.393,0.28,0.164,0.96,4.53,,0.55,0.0
2026-05-04,682818,Yohendrick Piñango,TOR,hr,official,1,LEAN,2026-05-04T22:36:08.640254+00:00,0,0.0,0.0959,,,,,,0.0,104.204223333,92.6,0.0,0.0,0.363,0.417,0.333,0.357,0.111,0.73,3.85,,0.62,0.0
2026-05-04,682829,Elly De La Cruz,CIN,hr,official,3,LEAN,2026-05-04T22:36:08.631250+00:00,0,0.0,0.1319,+1,0.5,0.9901,-0.8582,DraftKings,0.094,105.462218409,94.4,0.0,0.0,0.37,0.522,0.311,0.265,0.313,0.76,3.79,,0.55,0.0
2026-05-04,682985,Riley Greene,DET,hr,official,4,LEAN,2026-05-04T22:36:08.633256+00:00,0,0.0,0.121,,,,,,0.083,102.76054093,90.0,0.0,0.0,0.391,0.494,0.412,0.278,0.291,0.84,1.8,,0.62,0.0
2026-05-04,683002,Gunnar Henderson,BAL,hr,official,1,LEAN,2026-05-04T22:36:08.640254+00:00,0,0.0,0.0962,+1,0.5,0.9901,-0.8939,DraftKings,0.065,100.744991304,89.7,0.0,0.0,0.304,0.457,0.359,0.227,0.279,0.22,2.38,,0.62,0.0
2026-05-04,683146,Brett Baty,NYM,hr,official,5,LEAN,2026-05-04T22:36:08.640254+00:00,0,0.0,0.0892,+2,0.5,0.9804,-0.8912,DraftKings,0.046,99.771630303,89.7,0.0,0.0,0.29,0.358,0.299,0.225,0.294,1.41,5.53,,0.62,0.0
2026-05-04,683357,Owen Caissie,MIA,hr,official,8,LEAN,2026-05-04T22:36:08.640254+00:00,0,0.0,0.1018,+1,0.5,0.9901,-0.8883,DraftKings,0.059,102.897783462,90.7,0.0,0.0,0.276,0.462,0.462,0.209,0.351,1.72,4.85,,0.62,0.0
2026-05-04,683734,Andrew Vaughn,MIL,hr,official,6,NO,2026-05-04T22:36:08.643835+00:00,0,0.0,0.0301,+1,0.5,0.9901,-0.96,DraftKings,0.0,0.0,0.0,0.0,0.0,0.224,0.0,0.0,0.233,0.0,1.84,6.01,,0.38,0.0
2026-05-04,683737,Michael Busch,CHC,hr,official,6,NO,2026-05-04T22:36:08.643835+00:00,0,0.0,0.0684,+1,0.5,0.9901,-0.9217,DraftKings,0.055,97.961901064,86.2,0.0,0.0,0.299,0.355,0.301,0.216,0.256,0.0,0.0,,0.62,0.0
2026-05-04,683953,Travis Bazzana,CLE,hr,official,5,LEAN,2026-05-04T22:36:08.633256+00:00,0,0.0,0.1093,+1,0.5,0.9901,-0.8808,DraftKings,0.0,100.216945,94.7,0.0,0.0,0.318,0.4,0.25,0.192,0.265,0.96,4.53,,0.62,0.0
2026-05-04,686217,Sal Frelick,MIL,hr,official,7,NO,2026-05-04T22:36:08.643835+00:00,0,0.0,0.072,+1,0.5,0.9901,-0.9181,DraftKings,0.033,96.682471591,84.7,0.0,0.0,0.303,0.256,0.267,0.239,0.122,1.84,6.01,,0.62,0.0
2026-05-04,686469,Vinnie Pasquantino,KC,hr,official,3,LEAN,2026-05-04T22:36:08.633256+00:00,0,0.0,0.1084,+1,0.5,0.9901,-0.8817,DraftKings,0.065,99.76320587,89.2,0.0,0.0,0.317,0.391,0.359,0.233,0.176,1.27,4.27,,0.62,0.0
2026-05-04,686527,Dominic Canzone,SEA,hr,probable_recent,1,YES,2026-05-04T22:36:08.631250+00:00,0,0.0,0.1624,+1,0.5,0.9901,-0.8277,DraftKings,0.113,103.774347143,95.7,0.0,0.0,0.378,0.527,0.436,0.291,0.306,2.19,4.78,,0.62,0.0
2026-05-04,686555,Isaac Collins,KC,hr,official,8,LEAN,2026-05-04T22:36:08.640254+00:00,0,0.0,0.0955,+1,0.5,0.9901,-0.8946,DraftKings,0.038,100.307474333,88.8,0.0,0.0,0.297,0.383,0.3,0.22,0.259,1.27,4.27,,0.55,0.0
2026-05-04,686668,Brenton Doyle,COL,hr,official,9,NO,2026-05-04T22:36:08.643835+00:00,0,0.0,0.0693,+2,0.5,0.9804,-0.9111,DraftKings,0.02,99.695645385,89.6,0.0,0.0,0.254,0.364,0.273,0.199,0.315,0.57,2.75,,0.38,0.0
2026-05-04,686780,Pedro Pagés,STL,hr,official,8,NO,2026-05-04T22:36:08.643835+00:00,0,0.0,0.0723,,,,,,0.05,98.643151071,86.0,0.0,0.0,0.287,0.357,0.339,0.229,0.265,0.64,4.27,,0.38,0.0
2026-05-04,686948,Drake Baldwin,ATL,hr,probable_recent,2,LEAN,2026-05-04T22:36:08.631250+00:00,1,1.0,0.1345,+1,0.5,0.9901,-0.8556,DraftKings,0.099,103.136960179,91.5,0.0,0.0,0.397,0.505,0.405,0.301,0.228,0.95,3.77,,0.62,0.0
2026-05-04,687263,Zach Neto,LAA,hr,probable_recent,1,LEAN,2026-05-04T22:36:08.640254+00:00,0,0.0,0.0876,+1,0.5,0.9901,-0.9025,DraftKings,0.055,98.504774186,88.9,0.0,0.0,0.312,0.345,0.356,0.206,0.304,0.49,4.53,,0.38,0.0
2026-05-04,687363,Victor Scott II,STL,hr,official,9,LEAN,2026-05-04T22:36:08.631250+00:00,0,0.0,0.1362,+2,0.5,0.9804,-0.8442,BetMGM,1.0,96.806488148,87.5,0.0,0.0,0.253,0.266,0.281,0.203,0.309,0.64,4.27,,0.62,0.0
2026-05-04,687551,Drew Gilbert,SF,hr,probable_recent,8,NO,2026-05-04T22:36:08.643835+00:00,0,0.0,0.061,+1,0.5,0.9901,-0.9291,DraftKings,0.038,96.471509474,86.0,0.0,0.0,0.268,0.308,0.308,0.227,0.235,0.8,5.08,,0.62,0.0
2026-05-04,687597,Jordan Beck,COL,hr,official,6,NO,2026-05-04T22:36:08.643835+00:00,0,0.0,0.0438,+2,0.5,0.9804,-0.9366,DraftKings,0.014,96.3689124,84.7,0.0,0.0,0.246,0.28,0.26,0.215,0.303,0.57,2.75,,0.38,0.0
2026-05-04,687637,Dylan Beavers,BAL,hr,official,3,NO,2026-05-04T22:36:08.643835+00:00,0,0.0,0.0764,+1,0.5,0.9901,-0.9137,DraftKings,0.042,99.107803548,87.3,0.0,0.0,0.302,0.397,0.317,0.228,0.246,0.22,2.38,,0.62,0.0
2026-05-04,688363,Graham Pauley,MIA,hr,official,9,NO,2026-05-04T22:36:08.643835+00:00,0,0.0,0.052,+1,0.5,0.9901,-0.9381,DraftKings,0.027,94.999667308,83.7,0.0,0.0,0.192,0.192,0.269,0.149,0.233,1.72,4.85,,0.62,0.0
2026-05-04,689414,Liam Hicks,MIA,hr,official,5,LEAN,2026-05-04T22:36:08.640254+00:00,0,0.0,0.0985,+1,0.5,0.9901,-0.8916,DraftKings,0.063,98.796423043,88.1,0.0,0.0,0.375,0.402,0.348,0.318,0.093,1.72,4.85,,0.62,0.0
2026-05-04,690976,Alex Freeland,LAD,hr,probable_recent,9,LEAN,2026-05-05T21:51:30.928506+00:00,1,1.0,0.0898,,,,,,0.062,99.818033,89.0,0.0,0.0,0.299,0.387,0.355,0.234,0.277,1.15,4.93,,0.55,0.0
2026-05-04,690993,Colt Keith,DET,hr,official,8,LEAN,2026-05-04T22:36:08.633256+00:00,0,0.0,0.115,,,,,,0.048,101.725224103,93.0,0.0,0.0,0.341,0.513,0.321,0.296,0.228,0.84,1.8,,0.62,0.0
2026-05-04,691011,Drew Romo,CWS,hr,probable_recent,9,LEAN,2026-05-04T22:36:08.631250+00:00,0,0.0,0.1419,+1,0.5,0.9901,-0.8482,DraftKings,0.429,100.5965375,0.0,0.0,0.0,0.577,0.429,0.429,0.306,0.276,0.63,3.1,,0.55,0.0
2026-05-04,691023,Jordan Walker,STL,hr,official,4,YES,2026-05-04T22:36:08.631250+00:00,0,0.0,0.1577,+1,0.5,0.9901,-0.8324,DraftKings,0.127,106.879906364,96.0,0.0,0.0,0.406,0.598,0.414,0.292,0.324,0.64,4.27,,0.38,0.0
2026-05-04,691026,Masyn Winn,STL,hr,official,6,NO,2026-05-04T22:36:08.643835+00:00,0,0.0,0.0668,+1,0.5,0.9901,-0.9233,DraftKings,0.024,97.058679302,86.4,0.0,0.0,0.314,0.279,0.36,0.266,0.21,0.64,4.27,,0.38,0.0
2026-05-04,691176,Jasson Domínguez,NYY,hr,official,4,LEAN,2026-05-04T22:36:08.643835+00:00,0,0.0,0.0837,+1,0.5,0.9901,-0.9064,DraftKings,0.0,100.44626,89.9,0.0,0.0,0.336,0.4,0.267,0.327,0.275,0.79,4.09,,0.55,0.0
2026-05-04,691406,Junior Caminero,TB,hr,official,2,LEAN,2026-05-04T22:36:08.633256+00:00,0,0.0,0.1253,+1,0.5,0.9901,-0.8648,BetMGM,0.077,104.5798144,91.5,0.0,0.0,0.362,0.44,0.238,0.271,0.218,2.33,5.49,,0.38,0.0
2026-05-04,691718,Pete Crow-Armstrong,CHC,hr,official,8,LEAN,2026-05-04T22:36:08.640254+00:00,0,0.0,0.0947,+1,0.5,0.9901,-0.8954,DraftKings,0.05,102.635032381,91.7,0.0,0.0,0.302,0.461,0.247,0.235,0.284,0.0,0.0,,0.62,0.0
2026-05-04,691720,Kyle Karros,COL,hr,official,7,LEAN,2026-05-04T22:36:08.640254+00:00,0,0.0,0.0911,+2,0.5,0.9804,-0.8893,DraftKings,0.043,99.990040286,90.4,0.0,0.0,0.357,0.4,0.457,0.266,0.255,0.57,2.75,,0.38,0.0
2026-05-04,691785,Marcelo Mayer,BOS,hr,official,7,LEAN,2026-05-04T22:36:08.640254+00:00,0,0.0,0.0951,,,,,,0.062,99.643740286,88.4,0.0,0.0,0.291,0.443,0.314,0.221,0.262,1.32,5.89,,0.62,0.0
2026-05-04,691788,Joe Mack,MIA,hr,official,7,NO,2026-05-04T22:36:08.643835+00:00,0,0.0,0.03,+1,0.5,0.9901,-0.9601,DraftKings,0.0,0.0,0.0,0.0,0.0,0.0,0.0,0.0,0.0,0.0,1.72,4.85,,0.62,0.0
2026-05-04,693307,Dillon Dingler,DET,hr,official,3,LEAN,2026-05-04T22:36:08.631250+00:00,0,0.0,0.1387,+1,0.5,0.9901,-0.8514,BetMGM,0.123,101.704724878,90.8,0.0,0.0,0.43,0.524,0.439,0.317,0.182,0.84,1.8,,0.38,0.0
2026-05-04,694192,Jackson Chourio,MIL,hr,official,2,NO,2026-05-04T22:36:08.643835+00:00,0,0.0,0.0301,+2,0.5,0.9804,-0.9503,DraftKings,0.0,0.0,0.0,0.0,0.0,0.0,0.0,0.0,0.0,0.0,1.84,6.01,,0.38,0.0
2026-05-04,694208,Moisés Ballesteros,CHC,hr,official,2,LEAN,2026-05-04T22:36:08.633256+00:00,0,0.0,0.1069,+2,0.5,0.9804,-0.8735,DraftKings,0.087,101.326749118,90.9,0.0,0.0,0.357,0.5,0.412,0.275,0.253,0.0,0.0,,0.62,0.0
2026-05-04,694212,Samuel Basallo,BAL,hr,official,5,LEAN,2026-05-04T22:36:08.633256+00:00,0,0.0,0.1124,+1,0.5,0.9901,-0.8777,DraftKings,0.06,103.173208065,92.4,0.0,0.0,0.329,0.46,0.317,0.242,0.358,0.22,2.38,,0.62,0.0
2026-05-04,694384,Nolan Schanuel,LAA,hr,probable_recent,3,NO,2026-05-04T22:36:08.643835+00:00,0,0.0,0.0639,+3,0.5,0.9709,-0.907,DraftKings,0.014,96.961150926,86.8,0.0,0.0,0.301,0.318,0.327,0.265,0.16,0.49,4.53,,0.62,0.0
2026-05-04,694728,Brice Matthews,HOU,hr,probable_recent,6,NO,2026-05-04T22:36:08.643835+00:00,0,0.0,0.0753,+2,0.5,0.9804,-0.9051,BetMGM,0.052,99.7468995,87.1,0.0,0.0,0.283,0.333,0.405,0.193,0.379,0.96,3.98,,0.38,0.0
2026-05-04,695506,Jac Caglianone,KC,hr,official,7,LEAN,2026-05-04T22:36:08.631250+00:00,1,1.0,0.1494,+1,0.5,0.9901,-0.8407,DraftKings,0.091,106.552890313,94.3,0.0,0.0,0.331,0.547,0.344,0.247,0.33,1.27,4.27,,0.62,0.0
2026-05-04,695600,Carter Jensen,KC,hr,official,5,LEAN,2026-05-04T22:36:08.633256+00:00,0,0.0,0.1239,+1,0.5,0.9901,-0.8662,DraftKings,0.07,102.441124118,91.3,0.0,0.0,0.32,0.448,0.328,0.22,0.358,1.27,4.27,,0.62,0.0
2026-05-04,695657,Colson Montgomery,CWS,hr,probable_recent,4,LEAN,2026-05-04T22:36:08.633256+00:00,0,0.0,0.1102,+1,0.5,0.9901,-0.8799,DraftKings,0.086,101.4177845,89.6,0.0,0.0,0.338,0.388,0.413,0.215,0.349,0.63,3.1,,0.62,0.0
2026-05-04,696100,Hunter Goodman,COL,hr,official,4,LEAN,2026-05-04T22:36:08.633256+00:00,0,0.0,0.1144,+2,0.5,0.9804,-0.866,DraftKings,0.082,103.846494706,93.3,0.0,0.0,0.318,0.536,0.362,0.217,0.366,0.57,2.75,,0.38,0.0
2026-05-04,701350,Roman Anthony,BOS,hr,official,3,LEAN,2026-05-04T22:36:08.633256+00:00,0,0.0,0.1212,,,,,,0.054,102.351801622,92.5,0.0,0.0,0.354,0.48,0.4,0.261,0.285,1.32,5.89,,0.62,0.0
2026-05-04,701358,Cam Smith,HOU,hr,probable_recent,7,LEAN,2026-05-04T22:36:08.640254+00:00,0,0.0,0.1028,+1,0.5,0.9901,-0.8873,DraftKings,0.088,102.482754146,88.8,0.0,0.0,0.344,0.451,0.341,0.255,0.316,0.96,3.98,,0.38,0.0
2026-05-04,701398,Sal Stewart,CIN,hr,official,4,LEAN,2026-05-04T22:36:08.631250+00:00,0,0.0,0.1275,+1,0.5,0.9901,-0.8626,DraftKings,0.129,101.9020982,91.3,0.0,0.0,0.392,0.437,0.379,0.279,0.246,0.76,3.79,,0.38,0.0
2026-05-04,701538,Jackson Merrill,SD,hr,probable_recent,3,LEAN,2026-05-04T22:36:08.643835+00:00,1,1.0,0.0861,+1,0.5,0.9901,-0.904,DraftKings,0.066,100.457627778,89.1,0.0,0.0,0.299,0.441,0.301,0.223,0.272,0.0,0.0,,0.62,0.0
2026-05-04,701675,Nathan Church,STL,hr,official,7,LEAN,2026-05-04T22:36:08.640254+00:00,0,0.0,0.0917,+1,0.5,0.9901,-0.8984,DraftKings,0.087,98.683078919,86.8,0.0,0.0,0.311,0.347,0.36,0.25,0.218,0.64,4.27,,0.62,0.0
2026-05-04,701678,Hao-Yu  Lee,DET,hr,official,7,LEAN,2026-05-04T22:36:08.633256+00:00,0,0.0,0.1088,,,,,,0.083,100.806872727,90.5,0.0,0.0,0.308,0.429,0.381,0.199,0.375,0.84,1.8,,0.38,0.0
2026-05-04,701807,Carson Benge,NYM,hr,official,7,LEAN,2026-05-04T22:36:08.640254+00:00,1,1.0,0.0887,,,,,,0.028,100.597049459,90.6,0.0,0.0,0.292,0.425,0.356,0.236,0.227,1.41,5.53,,0.62,0.0
2026-05-04,702222,Justin Crawford,PHI,hr,official,9,LEAN,2026-05-04T22:36:08.631250+00:00,0,0.0,0.1347,+1,0.5,0.9901,-0.8554,DraftKings,0.9,98.096844211,88.3,0.0,0.0,0.293,0.346,0.333,0.251,0.197,0.55,3.51,,0.62,0.0
2026-05-04,702284,Cole Young,SEA,hr,probable_recent,6,LEAN,2026-05-04T22:36:08.635263+00:00,0,0.0,0.1052,+1,0.5,0.9901,-0.8849,DraftKings,0.058,99.495202553,88.0,0.0,0.0,0.341,0.404,0.383,0.275,0.24,2.19,4.78,,0.62,0.0
2026-05-04,802139,JJ Wetherholt,STL,hr,official,1,LEAN,2026-05-04T22:36:08.633256+00:00,0,0.0,0.1061,+1,0.5,0.9901,-0.884,DraftKings,0.064,99.794732692,90.2,0.0,0.0,0.359,0.452,0.365,0.23,0.249,0.64,4.27,,0.62,0.0
2026-05-04,802415,Chandler Simpson,TB,hr,official,1,NO,2026-05-04T22:36:08.643835+00:00,0,0.0,0.0464,+2,0.5,0.9804,-0.934,BetMGM,0.0,92.607726842,83.4,0.0,0.0,0.267,0.125,0.306,0.262,0.105,2.33,5.49,,0.62,0.0
2026-05-04,803011,Sam Antonacci,CWS,hr,probable_recent,1,LEAN,2026-05-04T22:36:08.633256+00:00,0,0.0,0.1139,+1,0.5,0.9901,-0.8762,DraftKings,0.098,98.688157391,88.6,0.0,0.0,0.404,0.37,0.37,0.321,0.144,0.63,3.1,,0.62,0.0
2026-05-04,805300,Jakob Marsee,MIA,hr,official,1,NO,2026-05-04T22:36:08.643835+00:00,0,0.0,0.072,+1,0.5,0.9901,-0.9181,DraftKings,0.013,98.740349318,87.8,0.0,0.0,0.279,0.374,0.275,0.193,0.181,1.72,4.85,,0.62,0.0
2026-05-04,805367,Chase Meidroth,CWS,hr,probable_recent,5,NO,2026-05-04T22:36:08.643835+00:00,0,0.0,0.0733,+1,0.5,0.9901,-0.9168,DraftKings,0.029,97.735348636,87.7,0.0,0.0,0.302,0.359,0.304,0.24,0.176,0.63,3.1,,0.38,0.0
2026-05-04,805811,Bryce Eldridge,SF,hr,probable_recent,7,NO,2026-05-05T21:51:30.928506+00:00,0,0.0,0.03,,,,,,0.0,0.0,0.0,0.0,0.0,0.238,0.0,0.0,0.003,0.0,0.92,4.52,,0.62,0.0
2026-05-04,805904,Zach Cole,HOU,hr,probable_recent,8,NO,2026-05-05T21:51:30.928506+00:00,1,1.0,0.0454,,,,,,0.0,0.0,0.0,0.0,0.0,0.54,0.0,0.0,0.271,0.0,1.03,4.22,,0.62,0.0
2026-05-04,808959,Munetaka Murakami,CWS,hr,probable_recent,2,YES,2026-05-04T22:36:08.631250+00:00,1,1.0,0.1509,+1,0.5,0.9901,-0.8392,DraftKings,0.107,105.967313611,95.2,0.0,0.0,0.391,0.639,0.347,0.227,0.436,0.63,3.1,,0.62,0.0
2026-05-04,808975,Hyeseong Kim,LAD,hr,probable_recent,8,NO,2026-05-05T21:51:30.928506+00:00,0,0.0,0.0656,,,,,,0.027,95.454471923,85.7,0.0,0.0,0.336,0.208,0.453,0.29,0.223,1.15,4.93,,0.62,0.0
2026-05-04,808982,Jung Hoo Lee,SF,hr,probable_recent,7,NO,2026-05-04T22:36:08.643835+00:00,0,0.0,0.0749,+2,0.5,0.9804,-0.9055,BetMGM,0.023,97.158735472,88.8,0.0,0.0,0.326,0.324,0.371,0.291,0.153,0.8,5.08,,0.62,0.0
2026-05-04,810938,Ben Williamson,TB,hr,official,7,NO,2026-05-04T22:36:08.643835+00:00,0,0.0,0.054,+1,0.5,0.9901,-0.9361,DraftKings,0.0,0.0,0.0,0.0,0.0,0.544,0.0,0.0,0.309,0.0,2.33,5.49,,0.38,0.0
2026-05-06,457705,Andrew McCutchen,TEX,hr,official,9,LEAN,2026-05-06T21:11:18.504148+00:00,0,0.0,0.0835,+2,0.5,0.9804,-0.8969,BetMGM,0.058,97.82042375,88.8,0.0,0.0,0.248,0.281,0.344,0.199,0.364,0.96,3.38,,0.38,0.0
2026-05-06,502671,Paul Goldschmidt,NYY,hr,official,6,LEAN,2026-05-06T21:11:18.495240+00:00,0,0.0,0.145,+1,0.5,0.9901,-0.8451,DraftKings,0.122,101.77787875,91.1,0.0,0.0,0.392,0.531,0.438,0.286,0.163,2.04,4.38,,0.38,0.0
2026-05-06,516782,Starling Marte,KC,hr,official,6,LEAN,2026-05-06T21:11:18.500285+00:00,0,0.0,0.1043,+1,0.5,0.9901,-0.8858,DraftKings,0.086,101.337523333,91.0,0.0,0.0,0.276,0.333,0.292,0.249,0.267,1.31,4.23,,0.38,0.0
2026-05-06,518595,Travis d'Arnaud,LAA,hr,official,8,LEAN,2026-05-06T21:11:18.504148+00:00,1,1.0,0.0879,+2,0.5,0.9804,-0.8925,DraftKings,0.079,97.092442308,87.4,0.0,0.0,0.303,0.308,0.346,0.206,0.284,0.75,3.38,,0.38,0.0
2026-05-06,518692,Freddie Freeman,LAD,hr,official,2,LEAN,2026-05-06T21:11:18.495240+00:00,0,0.0,0.1282,,,,,,0.1,101.85076678,92.5,0.0,0.0,0.383,0.504,0.385,0.297,0.205,1.32,4.38,,0.62,0.0
2026-05-06,521692,Salvador Perez,KC,hr,official,4,LEAN,2026-05-06T21:11:18.504148+00:00,0,0.0,0.0852,+1,0.5,0.9901,-0.9049,DraftKings,0.068,99.952535818,87.9,0.0,0.0,0.276,0.413,0.312,0.217,0.264,1.31,4.23,,0.38,0.0
2026-05-06,542303,Marcell Ozuna,PIT,hr,probable_recent,5,LEAN,2026-05-06T21:11:18.504148+00:00,0,0.0,0.0859,+1,0.5,0.9901,-0.9042,DraftKings,0.056,99.953216,88.9,0.0,0.0,0.308,0.383,0.358,0.225,0.279,0.88,5.1,,0.38,0.0
2026-05-06,543309,Kyle Higashioka,TEX,hr,official,6,LEAN,2026-05-06T21:11:18.500285+00:00,0,0.0,0.1052,+1,0.5,0.9901,-0.8849,DraftKings,0.071,99.845968235,90.9,0.0,0.0,0.299,0.441,0.382,0.227,0.309,0.96,3.38,,0.38,0.0
2026-05-06,543760,Marcus Semien,NYM,hr,probable_recent,6,NO,2026-05-06T21:11:18.506174+00:00,1,1.0,0.0594,+2,0.5,0.9804,-0.921,BetMGM,0.044,96.545543333,85.7,0.0,0.0,0.278,0.323,0.333,0.227,0.235,1.59,5.55,,0.38,0.0
2026-05-06,543807,George Springer,TOR,hr,official,1,LEAN,2026-05-06T21:11:18.504148+00:00,0,0.0,0.0821,,,,,,0.063,99.300898929,88.5,0.0,0.0,0.317,0.4,0.291,0.221,0.217,0.26,3.84,,0.38,0.0
2026-05-06,545121,Ildemaro Vargas,AZ,hr,probable_recent,5,LEAN,2026-05-06T21:11:18.504148+00:00,0,0.0,0.0863,+1,0.5,0.9901,-0.9038,DraftKings,0.044,99.259716383,87.7,0.0,0.0,0.372,0.371,0.371,0.339,0.159,1.06,2.25,,0.55,0.0
2026-05-06,545361,Mike Trout,LAA,hr,official,2,YES,2026-05-06T21:11:18.490500+00:00,0,0.0,0.1517,+2,0.5,0.9804,-0.8287,DraftKings,0.127,104.34560907,92.3,0.0,0.0,0.461,0.506,0.368,0.28,0.206,0.75,3.38,,0.38,0.0
2026-05-06,547180,Bryce Harper,PHI,hr,official,3,LEAN,2026-05-06T21:11:18.495240+00:00,0,0.0,0.1291,+1,0.5,0.9901,-0.861,DraftKings,0.11,101.179566545,88.9,0.0,0.0,0.406,0.413,0.349,0.278,0.271,1.4,3.19,,0.62,0.0
2026-05-06,553869,Elias Díaz,KC,hr,official,9,LEAN,2026-05-06T21:11:18.495240+00:00,0,0.0,0.1396,,,,,,0.167,102.7449,90.7,0.0,0.0,0.375,0.5,0.5,0.321,0.182,1.31,4.23,,0.38,0.0
2026-05-06,571448,Nolan Arenado,AZ,hr,probable_recent,7,NO,2026-05-06T21:11:18.506174+00:00,0,0.0,0.0608,+1,0.5,0.9901,-0.9293,DraftKings,0.058,95.026417955,83.5,0.0,0.0,0.312,0.264,0.356,0.257,0.265,1.06,2.25,,0.38,0.0
2026-05-06,571970,Max Muncy,LAD,hr,official,5,LEAN,2026-05-06T21:11:18.495240+00:00,0,0.0,0.1338,,,,,,0.103,102.500033488,92.6,0.0,0.0,0.414,0.541,0.341,0.29,0.275,1.32,4.38,,0.62,0.0
2026-05-06,572233,Christian Walker,HOU,hr,official,4,LEAN,2026-05-06T21:11:18.495240+00:00,0,0.0,0.1199,,,,,,0.099,102.862445094,91.2,0.0,0.0,0.369,0.5,0.321,0.27,0.281,1.13,2.4,,0.38,0.0
2026-05-06,573262,Mike Yastrzemski,ATL,hr,official,7,NO,2026-05-06T21:11:18.506174+00:00,0,0.0,0.0737,+2,0.5,0.9804,-0.9067,DraftKings,0.017,98.731736154,89.5,0.0,0.0,0.261,0.367,0.278,0.225,0.24,1.2,4.06,,0.62,0.0
2026-05-06,575929,Willson Contreras,BOS,hr,official,2,LEAN,2026-05-06T21:11:18.495240+00:00,0,0.0,0.1342,+1,0.5,0.9901,-0.8559,BetMGM,0.105,104.29015381,91.8,0.0,0.0,0.415,0.465,0.349,0.268,0.348,1.55,5.34,,0.38,0.0
2026-05-06,592206,Nick Castellanos,SD,hr,official,7,LEAN,2026-05-06T21:11:18.504148+00:00,0,0.0,0.0885,,,,,,0.058,98.699749167,88.5,0.0,0.0,0.297,0.375,0.438,0.261,0.284,1.73,5.96,,0.38,0.0
2026-05-06,592450,Aaron Judge,NYY,hr,official,2,YES,2026-05-06T21:11:18.490500+00:00,1,1.0,0.1726,+1,0.5,0.9901,-0.8175,DraftKings,0.145,105.619127381,93.2,0.0,0.0,0.454,0.536,0.393,0.282,0.334,2.04,4.38,,0.38,0.0
2026-05-06,592518,Manny Machado,SD,hr,official,2,LEAN,2026-05-06T21:11:18.500285+00:00,0,0.0,0.095,+3,0.5,0.9709,-0.8759,DraftKings,0.043,101.035442222,89.9,0.0,0.0,0.318,0.444,0.3,0.237,0.232,1.73,5.96,,0.38,0.0
2026-05-06,592663,J.T. Realmuto,PHI,hr,official,6,LEAN,2026-05-06T21:11:18.504148+00:00,0,0.0,0.0823,+1,0.5,0.9901,-0.9078,DraftKings,0.014,98.601757037,89.4,0.0,0.0,0.294,0.434,0.302,0.237,0.244,1.4,3.19,,0.38,0.0
2026-05-06,595978,Austin Hedges,CLE,hr,official,8,NO,2026-05-06T21:11:18.506174+00:00,0,0.0,0.0553,+2,0.5,0.9804,-0.9251,DraftKings,0.0,0.0,0.0,0.0,0.0,0.482,0.0,0.0,0.509,0.0,2.78,5.27,,0.38,0.0
2026-05-06,596115,Trevor Story,BOS,hr,official,4,NO,2026-05-06T21:11:18.506174+00:00,0,0.0,0.0743,+1,0.5,0.9901,-0.9158,BetMGM,0.02,99.152477292,89.0,0.0,0.0,0.259,0.417,0.323,0.226,0.299,1.55,5.34,,0.38,0.0
2026-05-06,605137,Josh Bell,MIN,hr,official,4,LEAN,2026-05-06T21:11:18.495240+00:00,0,0.0,0.1133,+2,0.5,0.9804,-0.8671,DraftKings,0.071,99.137313,89.1,0.0,0.0,0.323,0.414,0.354,0.236,0.258,2.63,5.2,,0.55,0.0
2026-05-06,605170,Victor Caratini,MIN,hr,official,6,LEAN,2026-05-06T21:11:18.500285+00:00,0,0.0,0.0954,+2,0.5,0.9804,-0.885,DraftKings,0.03,97.815325714,87.8,0.0,0.0,0.342,0.343,0.386,0.256,0.199,2.63,5.2,,0.55,0.0
2026-05-06,606192,Teoscar Hernández,LAD,hr,official,3,LEAN,2026-05-06T21:11:18.500285+00:00,0,0.0,0.1002,,,,,,0.061,100.749493,90.8,0.0,0.0,0.318,0.444,0.321,0.243,0.315,1.32,4.38,,0.38,0.0
2026-05-06,606466,Ketel Marte,AZ,hr,probable_recent,2,LEAN,2026-05-06T21:11:18.495240+00:00,0,0.0,0.1195,+1,0.5,0.9901,-0.8706,DraftKings,0.071,104.245809412,92.8,0.0,0.0,0.363,0.495,0.33,0.303,0.251,1.06,2.25,,0.55,0.0
2026-05-06,607043,Brandon Nimmo,TEX,hr,official,1,LEAN,2026-05-06T21:11:18.495240+00:00,0,0.0,0.1154,+1,0.5,0.9901,-0.8747,DraftKings,0.068,101.091797647,90.8,0.0,0.0,0.368,0.48,0.324,0.293,0.249,0.96,3.38,,0.62,0.0
2026-05-06,607208,Trea Turner,PHI,hr,official,1,LEAN,2026-05-06T21:11:18.500285+00:00,0,0.0,0.0934,+2,0.5,0.9804,-0.887,BetMGM,0.038,99.294349825,90.2,0.0,0.0,0.288,0.398,0.327,0.241,0.261,1.4,3.19,,0.38,0.0
2026-05-06,608070,José Ramírez,CLE,hr,official,3,LEAN,2026-05-06T21:11:18.500285+00:00,0,0.0,0.1126,,,,,,0.068,99.800851228,89.7,0.0,0.0,0.371,0.404,0.339,0.27,0.168,2.78,5.27,,0.55,0.0
2026-05-06,608324,Alex Bregman,CHC,hr,official,3,LEAN,2026-05-06T21:11:18.500285+00:00,0,0.0,0.1057,+1,0.5,0.9901,-0.8844,DraftKings,0.048,99.681380667,89.8,0.0,0.0,0.335,0.458,0.292,0.257,0.176,1.95,6.15,,0.38,0.0
2026-05-06,608348,Carson Kelly,CHC,hr,official,7,LEAN,2026-05-06T21:11:18.495240+00:00,0,0.0,0.1236,+1,0.5,0.9901,-0.8665,DraftKings,0.07,101.013645143,91.5,0.0,0.0,0.351,0.486,0.271,0.263,0.222,1.95,6.15,,0.38,0.0
2026-05-06,608369,Corey Seager,TEX,hr,official,3,LEAN,2026-05-06T21:11:18.495240+00:00,1,1.0,0.124,+1,0.5,0.9901,-0.8661,DraftKings,0.095,102.531220667,90.9,0.0,0.0,0.348,0.472,0.371,0.242,0.353,0.96,3.38,,0.62,0.0
2026-05-06,609280,Miguel Andujar,SD,hr,official,3,LEAN,2026-05-06T21:11:18.504148+00:00,0,0.0,0.0875,+3,0.5,0.9709,-0.8834,DraftKings,0.033,100.285872778,89.4,0.0,0.0,0.303,0.431,0.306,0.272,0.172,1.73,5.96,,0.38,0.0
2026-05-06,620443,Luis Torrens,NYM,hr,probable_recent,9,NO,2026-05-06T21:11:18.506174+00:00,0,0.0,0.0642,,,,,,0.0,100.347821429,89.4,0.0,0.0,0.268,0.552,0.379,0.254,0.297,1.59,5.55,,0.38,0.0
2026-05-06,621020,Dansby Swanson,CHC,hr,official,9,LEAN,2026-05-06T21:11:18.495240+00:00,0,0.0,0.1179,+1,0.5,0.9901,-0.8722,DraftKings,0.07,100.417858444,90.4,0.0,0.0,0.349,0.478,0.344,0.238,0.286,1.95,6.15,,0.38,0.0
2026-05-06,621438,Tyrone Taylor,NYM,hr,probable_recent,3,NO,2026-05-06T21:11:18.506174+00:00,0,0.0,0.0562,+1,0.5,0.9901,-0.9339,BetMGM,0.031,96.91207,86.2,0.0,0.0,0.257,0.264,0.321,0.222,0.212,1.59,5.55,,0.38,0.0
2026-05-06,621439,Byron Buxton,MIN,hr,official,1,LEAN,2026-05-06T21:11:18.495240+00:00,0,0.0,0.1319,+2,0.5,0.9804,-0.8485,DraftKings,0.131,100.599829423,88.9,0.0,0.0,0.319,0.447,0.35,0.221,0.314,2.63,5.2,,0.38,0.0
2026-05-06,621493,Taylor Ward,BAL,hr,official,2,LEAN,2026-05-06T21:11:18.500285+00:00,0,0.0,0.0985,+1,0.5,0.9901,-0.8916,DraftKings,0.037,99.365634423,89.0,0.0,0.0,0.382,0.385,0.385,0.286,0.164,1.49,5.0,,0.38,0.0
2026-05-06,621566,Matt Olson,ATL,hr,official,3,LEAN,2026-05-06T21:11:18.490500+00:00,0,0.0,0.1462,+2,0.5,0.9804,-0.8342,DraftKings,0.127,105.173444259,93.4,0.0,0.0,0.413,0.519,0.352,0.267,0.252,1.2,4.06,,0.62,0.0
2026-05-06,623168,Tyler Heineman,TOR,hr,official,9,LEAN,2026-05-06T21:11:18.495240+00:00,0,0.0,0.1192,,,,,,0.118,87.3,93.7,0.0,0.0,0.509,0.625,0.688,0.429,0.0,0.26,3.84,,0.55,0.0
2026-05-06,624413,Pete Alonso,BAL,hr,official,4,LEAN,2026-05-06T21:11:18.495240+00:00,1,1.0,0.136,+1,0.5,0.9901,-0.8541,DraftKings,0.071,103.030387083,95.2,0.0,0.0,0.359,0.568,0.326,0.244,0.278,1.49,5.0,,0.38,0.0
2026-05-06,624431,Jose Trevino,CIN,hr,official,8,LEAN,2026-05-06T21:11:18.495240+00:00,0,0.0,0.1314,+1,0.5,0.9901,-0.8587,DraftKings,0.125,83.7,93.0,0.0,0.0,0.453,0.571,0.429,0.403,0.0,0.83,4.41,,0.38,0.0
2026-05-06,624585,Jorge Soler,LAA,hr,official,4,LEAN,2026-05-06T21:11:18.500285+00:00,0,0.0,0.0977,+2,0.5,0.9804,-0.8827,DraftKings,0.07,100.9306865,88.5,0.0,0.0,0.324,0.43,0.367,0.216,0.359,0.75,3.38,,0.38,0.0
2026-05-06,624641,Edmundo Sosa,PHI,hr,official,5,LEAN,2026-05-06T21:11:18.500285+00:00,0,0.0,0.1035,+1,0.5,0.9901,-0.8866,DraftKings,0.041,101.663421053,89.8,0.0,0.0,0.349,0.421,0.342,0.318,0.219,1.4,3.19,,0.38,0.0
2026-05-06,640902,Jhonny Pereda,SEA,hr,official,8,NO,2026-05-06T21:11:18.506174+00:00,0,0.0,0.03,+2,0.5,0.9804,-0.9504,DraftKings,0.0,0.0,0.0,0.0,0.0,0.11,0.0,0.0,0.095,0.0,0.86,4.47,,0.38,0.0
2026-05-06,641343,Jake Bauers,MIL,hr,official,5,LEAN,2026-05-06T21:11:18.495240+00:00,0,0.0,0.1162,,,,,,0.071,103.28396093,92.8,0.0,0.0,0.331,0.535,0.279,0.255,0.259,1.21,4.41,,0.62,0.0
2026-05-06,641355,Cody Bellinger,NYY,hr,official,3,LEAN,2026-05-06T21:11:18.495240+00:00,0,0.0,0.1184,+1,0.5,0.9901,-0.8717,DraftKings,0.066,99.306007636,89.7,0.0,0.0,0.383,0.409,0.418,0.295,0.181,2.04,4.38,,0.62,0.0
2026-05-06,641487,J.P. Crawford,SEA,hr,official,1,LEAN,2026-05-06T21:11:18.500285+00:00,0,0.0,0.0995,+2,0.5,0.9804,-0.8809,DraftKings,0.065,99.367963333,89.6,0.0,0.0,0.378,0.388,0.363,0.261,0.161,0.86,4.47,,0.62,0.0
2026-05-06,641680,Jonah Heim,ATH,hr,official,7,NO,2026-05-06T21:11:18.506174+00:00,0,0.0,0.0628,,,,,,0.044,95.881059444,85.8,0.0,0.0,0.278,0.286,0.286,0.195,0.205,0.0,2.44,,0.55,0.0
2026-05-06,641857,Ryan McMahon,NYY,hr,official,8,LEAN,2026-05-06T21:11:18.495240+00:00,0,0.0,0.1206,+1,0.5,0.9901,-0.8695,DraftKings,0.061,101.540902759,92.3,0.0,0.0,0.298,0.534,0.31,0.219,0.324,2.04,4.38,,0.62,0.0
2026-05-06,642715,Willy Adames,SF,hr,official,6,NO,2026-05-06T21:11:18.506174+00:00,0,0.0,0.0696,+3,0.5,0.9709,-0.9013,BetMGM,0.054,98.76775875,87.7,0.0,0.0,0.263,0.389,0.358,0.209,0.265,0.0,2.17,,0.38,0.0
2026-05-06,643217,Andrew Benintendi,CWS,hr,official,6,LEAN,2026-05-06T21:11:18.504148+00:00,0,0.0,0.0916,+1,0.5,0.9901,-0.8985,DraftKings,0.068,99.450793714,88.5,0.0,0.0,0.303,0.542,0.417,0.248,0.335,0.47,3.4,,0.62,0.0
2026-05-06,643289,Mauricio Dubón,ATL,hr,official,5,NO,2026-05-06T21:11:18.506174+00:00,0,0.0,0.0761,,,,,,0.043,97.520236226,87.3,0.0,0.0,0.317,0.324,0.381,0.263,0.181,1.2,4.06,,0.38,0.0
2026-05-06,643446,Jeff McNeil,ATH,hr,official,6,LEAN,2026-05-06T21:11:18.495240+00:00,0,0.0,0.1395,+1,0.5,0.9901,-0.8506,DraftKings,0.9,96.328279348,86.6,0.0,0.0,0.34,0.323,0.409,0.306,0.158,0.0,2.44,,0.62,0.0
2026-05-06,645277,Ozzie Albies,ATL,hr,official,2,NO,2026-05-06T21:11:18.506174+00:00,0,0.0,0.0752,+2,0.5,0.9804,-0.9052,DraftKings,0.038,97.378724688,87.1,0.0,0.0,0.322,0.299,0.362,0.266,0.23,1.2,4.06,,0.55,0.0
2026-05-06,646240,Rafael Devers,SF,hr,official,5,NO,2026-05-06T21:11:18.504148+00:00,1,1.0,0.0793,+3,0.5,0.9709,-0.8916,BetMGM,0.047,101.11035617,89.7,0.0,0.0,0.259,0.442,0.295,0.211,0.308,0.0,2.17,,0.62,0.0
2026-05-06,647304,Josh Naylor,SEA,hr,official,4,NO,2026-05-06T21:11:18.504148+00:00,0,0.0,0.0785,,,,,,0.048,98.720852593,87.4,0.0,0.0,0.319,0.376,0.33,0.262,0.23,0.86,4.47,,0.62,0.0
2026-05-06,650490,Yandy Díaz,TB,hr,official,1,LEAN,2026-05-06T21:11:18.500285+00:00,0,0.0,0.0949,,,,,,0.042,101.362512545,90.0,0.0,0.0,0.369,0.417,0.266,0.303,0.142,0.9,5.7,,0.38,0.0
2026-05-06,656305,Matt Chapman,SF,hr,official,4,NO,2026-05-06T21:11:18.506174+00:00,0,0.0,0.0644,+2,0.5,0.9804,-0.916,DraftKings,0.034,99.794256939,87.3,0.0,0.0,0.27,0.333,0.222,0.214,0.252,0.0,2.17,,0.38,0.0
2026-05-06,656484,Tristan Gray,MIN,hr,official,9,LEAN,2026-05-06T21:11:18.500285+00:00,0,0.0,0.1116,+1,0.5,0.9901,-0.8785,DraftKings,0.066,100.960579444,89.0,0.0,0.0,0.3,0.405,0.405,0.244,0.36,2.63,5.2,,0.62,0.0
2026-05-06,656555,Rhys Hoskins,CLE,hr,official,4,LEAN,2026-05-06T21:11:18.500285+00:00,0,0.0,0.1001,+1,0.5,0.9901,-0.89,DraftKings,0.059,100.023056786,89.1,0.0,0.0,0.309,0.473,0.364,0.188,0.299,2.78,5.27,,0.38,0.0
2026-05-06,656582,Connor Joe,SEA,hr,official,7,LEAN,2026-05-06T21:11:18.495240+00:00,0,0.0,0.1285,+2,0.5,0.9804,-0.8519,DraftKings,0.091,102.579714286,94.7,0.0,0.0,0.367,0.538,0.462,0.253,0.225,0.86,4.47,,0.38,0.0
2026-05-06,656716,Zach McKinstry,DET,hr,official,7,NO,2026-05-06T21:11:18.506174+00:00,0,0.0,0.053,+1,0.5,0.9901,-0.9371,BetMGM,0.02,94.342028333,85.8,0.0,0.0,0.231,0.229,0.314,0.194,0.173,1.17,5.66,,0.62,0.0
2026-05-06,656941,Kyle Schwarber,PHI,hr,official,2,LEAN,2026-05-06T21:11:18.495240+00:00,0,0.0,0.1348,+1,0.5,0.9901,-0.8553,DraftKings,0.099,102.238329268,91.8,0.0,0.0,0.369,0.469,0.321,0.215,0.315,1.4,3.19,,0.62,0.0
2026-05-06,657041,Lane Thomas,KC,hr,official,3,NO,2026-05-06T21:11:18.506174+00:00,0,0.0,0.061,+1,0.5,0.9901,-0.9291,DraftKings,0.013,97.4422972,85.3,0.0,0.0,0.323,0.38,0.38,0.226,0.206,1.31,4.23,,0.38,0.0
2026-05-06,657656,Ramón Laureano,SD,hr,official,6,LEAN,2026-05-06T21:11:18.500285+00:00,0,0.0,0.1058,,,,,,0.088,100.721599286,89.2,0.0,0.0,0.325,0.446,0.337,0.237,0.297,1.73,5.96,,0.38,0.0
2026-05-06,657757,Gavin Sheets,SD,hr,official,4,LEAN,2026-05-06T21:11:18.500285+00:00,1,1.0,0.0948,+4,0.5,0.9615,-0.8667,DraftKings,0.067,99.925805263,88.5,0.0,0.0,0.303,0.427,0.333,0.234,0.194,1.73,5.96,,0.62,0.0
2026-05-06,660271,Shohei Ohtani,LAD,hr,official,1,NO,2026-05-06T21:11:18.506174+00:00,0,0.0,0.0531,,,,,,0.021,75.8,87.6,0.0,0.0,0.236,0.385,0.198,0.182,0.32,1.32,4.38,,0.62,0.0
2026-05-06,660844,Leo Rivas,SEA,hr,official,9,LEAN,2026-05-06T21:11:18.495240+00:00,0,0.0,0.1181,+2,0.5,0.9804,-0.8623,DraftKings,0.9,93.517607857,86.3,0.0,0.0,0.238,0.14,0.333,0.146,0.247,0.86,4.47,,0.55,0.0
2026-05-06,661388,William Contreras,MIL,hr,official,4,LEAN,2026-05-06T21:11:18.500285+00:00,0,0.0,0.0992,,,,,,0.056,101.283396316,89.9,0.0,0.0,0.354,0.439,0.289,0.294,0.15,1.21,4.41,,0.38,0.0
2026-05-06,663538,Nico Hoerner,CHC,hr,official,1,NO,2026-05-06T21:11:18.504148+00:00,0,0.0,0.0787,+2,0.5,0.9804,-0.9017,DraftKings,0.019,95.960292188,86.4,0.0,0.0,0.349,0.271,0.419,0.303,0.102,1.95,6.15,,0.38,0.0
2026-05-06,663586,Austin Riley,ATL,hr,official,6,LEAN,2026-05-06T21:11:18.500285+00:00,0,0.0,0.0981,+2,0.5,0.9804,-0.8823,DraftKings,0.058,101.6458128,91.0,0.0,0.0,0.298,0.46,0.28,0.215,0.339,1.2,4.06,,0.38,0.0
2026-05-06,663616,Trevor Larnach,MIN,hr,official,3,LEAN,2026-05-06T21:11:18.500285+00:00,0,0.0,0.1028,+2,0.5,0.9804,-0.8776,DraftKings,0.051,98.012233438,87.9,0.0,0.0,0.339,0.333,0.365,0.237,0.272,2.63,5.2,,0.62,0.0
2026-05-06,663656,Kyle Tucker,LAD,hr,official,4,LEAN,2026-05-06T21:11:18.504148+00:00,0,0.0,0.0905,,,,,,0.052,99.018880943,89.1,0.0,0.0,0.322,0.415,0.387,0.241,0.238,1.32,4.38,,0.62,0.0
2026-05-06,663728,Cal Raleigh,SEA,hr,official,2,LEAN,2026-05-06T21:11:18.504148+00:00,0,0.0,0.0842,+2,0.5,0.9804,-0.8962,DraftKings,0.079,98.977880222,86.7,0.0,0.0,0.314,0.303,0.326,0.194,0.309,0.86,4.47,,0.55,0.0
2026-05-06,663743,Nick Fortes,TB,hr,official,8,NO,2026-05-06T21:11:18.506174+00:00,0,0.0,0.0687,,,,,,0.011,100.851881081,87.7,0.0,0.0,0.301,0.44,0.28,0.277,0.156,0.9,5.7,,0.38,0.0
2026-05-06,663757,Trent Grisham,NYY,hr,official,1,LEAN,2026-05-06T21:11:18.495240+00:00,0,0.0,0.1433,+1,0.5,0.9901,-0.8468,DraftKings,0.102,101.896464783,92.4,0.0,0.0,0.371,0.533,0.304,0.24,0.153,2.04,4.38,,0.62,0.0
2026-05-06,663837,Matt Vierling,DET,hr,official,2,NO,2026-05-06T21:11:18.506174+00:00,0,0.0,0.0746,+1,0.5,0.9901,-0.9155,BetMGM,0.023,99.151850313,88.6,0.0,0.0,0.293,0.4,0.323,0.251,0.169,1.17,5.66,,0.38,0.0
2026-05-06,663967,César Salazar,HOU,hr,official,9,NO,2026-05-06T21:11:18.506174+00:00,0,0.0,0.03,,,,,,0.0,0.0,0.0,0.0,0.0,0.0,0.0,0.0,0.0,0.0,1.13,2.4,,0.62,0.0
2026-05-06,663993,Nathaniel Lowe,CIN,hr,official,5,LEAN,2026-05-06T21:11:18.495240+00:00,0,0.0,0.1336,+1,0.5,0.9901,-0.8565,DraftKings,0.104,102.7292292,91.1,0.0,0.0,0.404,0.509,0.509,0.298,0.212,0.83,4.41,,0.62,0.0
2026-05-06,664023,Ian Happ,CHC,hr,official,4,LEAN,2026-05-06T21:11:18.495240+00:00,1,1.0,0.1161,+1,0.5,0.9901,-0.874,DraftKings,0.077,101.048135366,88.9,0.0,0.0,0.352,0.39,0.329,0.209,0.355,1.95,6.15,,0.55,0.0
2026-05-06,664702,Myles Straw,TOR,hr,official,7,NO,2026-05-06T21:11:18.504148+00:00,0,0.0,0.0766,,,,,,0.047,97.124545,87.5,0.0,0.0,0.37,0.275,0.353,0.324,0.098,0.26,3.84,,0.38,0.0
2026-05-06,664761,Alec Bohm,PHI,hr,official,8,YES,2026-05-06T21:11:18.490500+00:00,0,0.0,0.1509,+1,0.5,0.9901,-0.8392,DraftKings,0.7,98.697405577,88.7,0.0,0.0,0.271,0.371,0.371,0.219,0.177,1.4,3.19,,0.38,0.0
2026-05-06,665019,Kody Clemens,MIN,hr,official,5,LEAN,2026-05-06T21:11:18.495240+00:00,0,0.0,0.1367,+1,0.5,0.9901,-0.8534,DraftKings,0.095,101.029912963,91.5,0.0,0.0,0.345,0.4,0.436,0.233,0.276,2.63,5.2,,0.62,0.0
2026-05-06,665487,Fernando Tatis Jr.,SD,hr,official,5,LEAN,2026-05-06T21:11:18.495240+00:00,0,0.0,0.1263,+2,0.5,0.9804,-0.8541,DraftKings,0.081,105.725348125,92.8,0.0,0.0,0.352,0.604,0.375,0.28,0.313,1.73,5.96,,0.38,0.0
2026-05-06,665489,Vladimir Guerrero Jr.,TOR,hr,official,3,LEAN,2026-05-06T21:11:18.500285+00:00,0,0.0,0.1079,,,,,,0.08,102.676228421,91.0,0.0,0.0,0.377,0.434,0.319,0.315,0.204,0.26,3.84,,0.38,0.0
2026-05-06,665742,Juan Soto,NYM,hr,probable_recent,1,LEAN,2026-05-06T21:11:18.495240+00:00,1,1.0,0.1389,+2,0.5,0.9804,-0.8415,BetMGM,0.163,103.639687241,92.9,0.0,0.0,0.43,0.508,0.39,0.298,0.213,1.59,5.55,,0.62,0.0
2026-05-06,665750,Leody Taveras,BAL,hr,official,6,LEAN,2026-05-06T21:11:18.500285+00:00,0,0.0,0.0936,+1,0.5,0.9901,-0.8965,DraftKings,0.042,99.118790323,87.8,0.0,0.0,0.364,0.371,0.435,0.272,0.262,1.49,5.0,,0.55,0.0
2026-05-06,665833,Oneil Cruz,PIT,hr,probable_recent,1,LEAN,2026-05-06T21:11:18.495240+00:00,0,0.0,0.1431,+1,0.5,0.9901,-0.847,DraftKings,0.122,107.525862444,96.2,0.0,0.0,0.365,0.622,0.344,0.267,0.381,0.88,5.1,,0.62,0.0
2026-05-06,665862,Jazz Chisholm Jr.,NYY,hr,official,5,LEAN,2026-05-06T21:11:18.500285+00:00,0,0.0,0.0973,+1,0.5,0.9901,-0.8928,DraftKings,0.042,99.718784884,89.1,0.0,0.0,0.287,0.382,0.247,0.203,0.293,2.04,4.38,,0.62,0.0
2026-05-06,665966,Carlos Narváez,BOS,hr,official,8,LEAN,2026-05-06T21:11:18.500285+00:00,0,0.0,0.1051,,,,,,0.064,100.1962492,92.8,0.0,0.0,0.275,0.442,0.365,0.223,0.264,1.55,5.34,,0.38,0.0
2026-05-06,666018,Jonathan Aranda,TB,hr,official,4,LEAN,2026-05-06T21:11:18.500285+00:00,0,0.0,0.0959,,,,,,0.06,99.575132128,89.6,0.0,0.0,0.354,0.415,0.404,0.256,0.233,0.9,5.7,,0.62,0.0
2026-05-06,666023,Freddy Fermin,SD,hr,official,8,NO,2026-05-06T21:11:18.506174+00:00,0,0.0,0.0607,+2,0.5,0.9804,-0.9197,DraftKings,0.0,96.628210455,87.1,0.0,0.0,0.272,0.326,0.302,0.187,0.277,1.73,5.96,,0.38,0.0
2026-05-06,666126,Carlos Cortes,ATH,hr,official,5,LEAN,2026-05-06T21:11:18.495240+00:00,0,0.0,0.1331,+1,0.5,0.9901,-0.857,DraftKings,0.107,101.531905455,91.5,0.0,0.0,0.428,0.471,0.382,0.35,0.169,0.0,2.44,,0.62,0.0
2026-05-06,666152,David Hamilton,MIL,hr,official,8,NO,2026-05-06T21:11:18.506174+00:00,0,0.0,0.0573,,,,,,0.019,96.583888929,84.9,0.0,0.0,0.293,0.279,0.188,0.22,0.205,1.21,4.41,,0.62,0.0
2026-05-06,666160,Mickey Moniak,COL,hr,probable_recent,1,LEAN,2026-05-06T21:11:18.500285+00:00,0,0.0,0.0976,+1,0.5,0.9901,-0.8925,BetMGM,0.099,100.386941316,90.2,0.0,0.0,0.354,0.434,0.342,0.25,0.288,0.94,3.68,,0.62,0.0
2026-05-06,666176,Jo Adell,LAA,hr,official,5,LEAN,2026-05-06T21:11:18.500285+00:00,0,0.0,0.094,+2,0.5,0.9804,-0.8864,DraftKings,0.038,101.357768793,90.3,0.0,0.0,0.309,0.44,0.284,0.267,0.249,0.75,3.38,,0.38,0.0
2026-05-06,666181,Will Benson,CIN,hr,official,7,LEAN,2026-05-06T21:11:18.500285+00:00,0,0.0,0.0991,+1,0.5,0.9901,-0.891,DraftKings,0.066,98.864699375,90.2,0.0,0.0,0.294,0.333,0.333,0.184,0.33,0.83,4.41,,0.62,0.0
2026-05-06,666182,Bo Bichette,NYM,hr,probable_recent,2,LEAN,2026-05-06T21:11:18.504148+00:00,0,0.0,0.0833,+2,0.5,0.9804,-0.8971,BetMGM,0.026,101.689972586,91.2,0.0,0.0,0.316,0.474,0.319,0.287,0.193,1.59,5.55,,0.38,0.0
2026-05-06,666397,Edouard Julien,COL,hr,probable_recent,9,LEAN,2026-05-06T21:11:18.504148+00:00,0,0.0,0.0899,+1,0.5,0.9901,-0.9002,BetMGM,0.059,100.208742,91.0,0.0,0.0,0.354,0.441,0.424,0.256,0.297,0.94,3.68,,0.62,0.0
2026-05-06,666624,Christopher Morel,MIA,hr,official,6,NO,2026-05-06T21:11:18.506174+00:00,0,0.0,0.0567,+1,0.5,0.9901,-0.9334,DraftKings,0.0,103.37801,0.0,0.0,0.0,0.298,0.625,0.375,0.254,0.429,1.84,5.77,,0.38,0.0
2026-05-06,666969,Adolis García,PHI,hr,official,4,LEAN,2026-05-06T21:11:18.495240+00:00,1,1.0,0.1193,,,,,,0.056,101.819775217,93.1,0.0,0.0,0.325,0.511,0.359,0.256,0.296,1.4,3.19,,0.38,0.0
2026-05-06,666971,Lourdes Gurriel Jr.,AZ,hr,probable_recent,6,NO,2026-05-06T21:11:18.506174+00:00,0,0.0,0.0656,+1,0.5,0.9901,-0.9245,DraftKings,0.04,96.26165,85.8,0.0,0.0,0.307,0.278,0.278,0.253,0.282,1.06,2.25,,0.38,0.0
2026-05-06,667670,Brent Rooker,ATH,hr,official,4,LEAN,2026-05-06T21:11:18.504148+00:00,0,0.0,0.0907,+1,0.5,0.9901,-0.8994,DraftKings,0.074,100.232535833,88.6,0.0,0.0,0.291,0.404,0.404,0.205,0.404,0.0,2.44,,0.38,0.0
2026-05-06,668227,Randy Arozarena,SEA,hr,official,5,LEAN,2026-05-06T21:11:18.504148+00:00,0,0.0,0.0892,+1,0.5,0.9901,-0.9009,DraftKings,0.039,100.221113878,90.5,0.0,0.0,0.325,0.418,0.367,0.249,0.26,0.86,4.47,,0.38,0.0
2026-05-06,668709,JJ Bleday,CIN,hr,official,2,YES,2026-05-06T21:11:18.490500+00:00,0,0.0,0.1681,+1,0.5,0.9901,-0.822,DraftKings,0.138,104.656659,94.8,0.0,0.0,0.519,0.579,0.684,0.382,0.308,0.83,4.41,,0.62,0.0
2026-05-06,668715,Spencer Steer,CIN,hr,official,6,LEAN,2026-05-06T21:11:18.495240+00:00,1,1.0,0.1193,+1,0.5,0.9901,-0.8708,DraftKings,0.102,100.349459744,90.0,0.0,0.0,0.369,0.398,0.398,0.266,0.252,0.83,4.41,,0.38,0.0
2026-05-06,668723,Ryan Vilade,TB,hr,official,2,NO,2026-05-06T21:11:18.506174+00:00,0,0.0,0.0759,,,,,,0.022,98.561965882,89.7,0.0,0.0,0.295,0.324,0.382,0.244,0.206,0.9,5.7,,0.38,0.0
2026-05-06,668804,Bryan Reynolds,PIT,hr,probable_recent,3,LEAN,2026-05-06T21:11:18.500285+00:00,0,0.0,0.1025,+1,0.5,0.9901,-0.8876,DraftKings,0.05,101.694097907,91.5,0.0,0.0,0.353,0.435,0.318,0.233,0.31,0.88,5.1,,0.55,0.0
2026-05-06,668901,Mark Vientos,NYM,hr,probable_recent,4,LEAN,2026-05-06T21:11:18.504148+00:00,0,0.0,0.0932,+2,0.5,0.9804,-0.8872,BetMGM,0.074,100.675854412,89.9,0.0,0.0,0.349,0.448,0.403,0.275,0.303,1.59,5.55,,0.38,0.0
2026-05-06,668930,Brice Turang,MIL,hr,official,3,LEAN,2026-05-06T21:11:18.495240+00:00,0,0.0,0.126,,,,,,0.069,102.503002093,93.0,0.0,0.0,0.426,0.517,0.425,0.298,0.178,1.21,4.41,,0.62,0.0
2026-05-06,668939,Adley Rutschman,BAL,hr,official,3,LEAN,2026-05-06T21:11:18.500285+00:00,0,0.0,0.0983,+1,0.5,0.9901,-0.8918,DraftKings,0.061,99.742532727,88.6,0.0,0.0,0.319,0.439,0.348,0.256,0.119,1.49,5.0,,0.55,0.0
2026-05-06,669016,Brandon Marsh,PHI,hr,official,7,LEAN,2026-05-06T21:11:18.500285+00:00,0,0.0,0.1083,+1,0.5,0.9901,-0.8818,DraftKings,0.049,100.441793913,90.7,0.0,0.0,0.339,0.489,0.457,0.291,0.196,1.4,3.19,,0.62,0.0
2026-05-06,669065,Kyle Stowers,MIA,hr,official,4,LEAN,2026-05-06T21:11:18.500285+00:00,0,0.0,0.095,+2,0.5,0.9804,-0.8854,DraftKings,0.016,100.5453175,90.6,0.0,0.0,0.302,0.564,0.256,0.249,0.297,1.84,5.77,,0.62,0.0
2026-05-06,669221,Sean Murphy,ATL,hr,official,8,NO,2026-05-06T21:11:18.506174+00:00,0,0.0,0.03,+2,0.5,0.9804,-0.9504,DraftKings,0.0,0.0,0.0,0.0,0.0,0.181,0.0,0.0,0.19,0.0,1.2,4.06,,0.38,0.0
2026-05-06,669224,Austin Wells,NYY,hr,official,7,LEAN,2026-05-06T21:11:18.495240+00:00,0,0.0,0.1144,+1,0.5,0.9901,-0.8757,DraftKings,0.038,101.10963125,91.5,0.0,0.0,0.339,0.492,0.277,0.233,0.255,2.04,4.38,,0.62,0.0
2026-05-06,669236,Jeremiah Jackson,BAL,hr,official,9,LEAN,2026-05-06T21:11:18.504148+00:00,0,0.0,0.0923,+1,0.5,0.9901,-0.8978,DraftKings,0.06,99.898352326,88.1,0.0,0.0,0.295,0.345,0.31,0.251,0.291,1.49,5.0,,0.38,0.0
2026-05-06,669326,Bryce Teodosio,LAA,hr,official,9,LEAN,2026-05-06T21:11:18.504148+00:00,0,0.0,0.0837,+2,0.5,0.9804,-0.8967,DraftKings,0.056,98.14897,89.3,0.0,0.0,0.213,0.316,0.158,0.168,0.391,0.75,3.38,,0.38,0.0
2026-05-06,669357,Nolan Gorman,STL,hr,official,5,LEAN,2026-05-06T21:11:18.500285+00:00,0,0.0,0.0952,,,,,,0.062,100.692223095,88.3,0.0,0.0,0.296,0.44,0.381,0.216,0.326,2.05,5.27,,0.62,0.0
2026-05-06,669364,Xavier Edwards,MIA,hr,official,1,LEAN,2026-05-06T21:11:18.500285+00:00,0,0.0,0.0979,+2,0.5,0.9804,-0.8825,DraftKings,0.045,97.625251356,88.4,0.0,0.0,0.365,0.381,0.381,0.292,0.148,1.84,5.77,,0.55,0.0
2026-05-06,669394,Jake Burger,TEX,hr,official,7,LEAN,2026-05-06T21:11:18.500285+00:00,0,0.0,0.1007,+1,0.5,0.9901,-0.8894,DraftKings,0.068,102.910518542,89.7,0.0,0.0,0.275,0.49,0.292,0.216,0.354,0.96,3.38,,0.38,0.0
2026-05-06,669477,Casey Schmitt,SF,hr,official,3,LEAN,2026-05-06T21:11:18.495240+00:00,0,0.0,0.1144,+2,0.5,0.9804,-0.866,DraftKings,0.124,101.19861,89.8,0.0,0.0,0.38,0.477,0.398,0.287,0.211,0.0,2.17,,0.38,0.0
2026-05-06,669699,Braden Shewmake,HOU,hr,official,8,LEAN,2026-05-06T21:11:18.504148+00:00,0,0.0,0.0827,,,,,,0.071,95.7864,89.2,0.0,0.0,0.237,0.273,0.182,0.171,0.233,1.13,2.4,,0.62,0.0
2026-05-06,670242,Matt Wallner,MIN,hr,official,8,LEAN,2026-05-06T21:11:18.500285+00:00,1,1.0,0.1045,+1,0.5,0.9901,-0.8856,DraftKings,0.051,101.261273871,88.5,0.0,0.0,0.294,0.41,0.279,0.211,0.419,2.63,5.2,,0.62,0.0
2026-05-06,670541,Yordan Alvarez,HOU,hr,official,2,YES,2026-05-06T21:11:18.490500+00:00,0,0.0,0.1546,,,,,,0.133,105.539402667,94.2,0.0,0.0,0.504,0.517,0.45,0.357,0.199,1.13,2.4,,0.62,0.0
2026-05-06,670623,Isaac Paredes,HOU,hr,official,3,NO,2026-05-06T21:11:18.506174+00:00,0,0.0,0.0694,,,,,,0.023,96.205062979,87.6,0.0,0.0,0.319,0.258,0.344,0.241,0.174,1.13,2.4,,0.38,0.0
2026-05-06,670764,Taylor Walls,TB,hr,official,9,NO,2026-05-06T21:11:18.506174+00:00,0,0.0,0.03,,,,,,0.0,93.493461667,82.2,0.0,0.0,0.227,0.148,0.259,0.162,0.208,0.9,5.7,,0.55,0.0
2026-05-06,670770,TJ Friedl,CIN,hr,official,1,NO,2026-05-06T21:11:18.506174+00:00,0,0.0,0.0692,+1,0.5,0.9901,-0.9209,DraftKings,0.021,97.799496047,88.0,0.0,0.0,0.252,0.316,0.276,0.196,0.241,0.83,4.41,,0.62,0.0
2026-05-06,671056,Iván Herrera,STL,hr,official,2,LEAN,2026-05-06T21:11:18.500285+00:00,0,0.0,0.1113,,,,,,0.05,102.4134352,90.7,0.0,0.0,0.38,0.475,0.283,0.266,0.211,2.05,5.27,,0.38,0.0
2026-05-06,671218,Heliot Ramos,SF,hr,official,1,LEAN,2026-05-06T21:11:18.495240+00:00,0,0.0,0.115,+3,0.5,0.9709,-0.8559,DraftKings,0.094,104.237967727,92.7,0.0,0.0,0.327,0.527,0.341,0.273,0.279,0.0,2.17,,0.38,0.0
2026-05-06,671289,Tyler Freeman,COL,hr,probable_recent,2,NO,2026-05-06T21:11:18.506174+00:00,0,0.0,0.0604,+1,0.5,0.9901,-0.9297,DraftKings,0.0,98.1535156,88.0,0.0,0.0,0.348,0.327,0.327,0.289,0.137,0.94,3.68,,0.38,0.0
2026-05-06,671732,Lawrence Butler,ATH,hr,official,8,LEAN,2026-05-06T21:11:18.500285+00:00,0,0.0,0.0945,+1,0.5,0.9901,-0.8956,DraftKings,0.045,103.189545882,90.0,0.0,0.0,0.303,0.457,0.257,0.239,0.299,0.0,2.44,,0.62,0.0
2026-05-06,671739,Michael Harris II,ATL,hr,official,4,YES,2026-05-06T21:11:18.490500+00:00,0,0.0,0.1599,+2,0.5,0.9804,-0.8205,DraftKings,0.144,105.819626,94.9,0.0,0.0,0.439,0.571,0.297,0.337,0.265,1.2,4.06,,0.62,0.0
2026-05-06,671976,Tristan Peters,CWS,hr,official,8,NO,2026-05-06T21:11:18.506174+00:00,0,0.0,0.0748,+2,0.5,0.9804,-0.9056,DraftKings,0.023,98.0564512,89.0,0.0,0.0,0.28,0.271,0.305,0.233,0.271,0.47,3.4,,0.62,0.0
2026-05-06,672012,Tyler Black,MIL,hr,official,7,NO,2026-05-06T21:11:18.506174+00:00,0,0.0,0.0368,,,,,,0.0,93.264695556,83.4,0.0,0.0,0.184,0.118,0.235,0.153,0.25,1.21,4.41,,0.62,0.0
2026-05-06,672275,Patrick Bailey,SF,hr,official,9,NO,2026-05-06T21:11:18.504148+00:00,0,0.0,0.0798,+4,0.5,0.9615,-0.8817,DraftKings,0.035,99.011567931,90.6,0.0,0.0,0.292,0.424,0.339,0.233,0.269,0.0,2.17,,0.55,0.0
2026-05-06,672284,Jarred Kelenic,CWS,hr,official,7,YES,2026-05-06T21:11:18.490500+00:00,0,0.0,0.1577,+2,0.5,0.9804,-0.8227,DraftKings,0.133,103.289316,94.5,0.0,0.0,0.428,0.5,0.4,0.32,0.409,0.47,3.4,,0.62,0.0
2026-05-06,672515,Gabriel Moreno,AZ,hr,probable_recent,8,LEAN,2026-05-06T21:11:18.500285+00:00,0,0.0,0.0997,+1,0.5,0.9901,-0.8904,DraftKings,0.086,100.451904762,88.6,0.0,0.0,0.346,0.476,0.405,0.266,0.225,1.06,2.25,,0.38,0.0
2026-05-06,672580,Maikel Garcia,KC,hr,official,1,LEAN,2026-05-06T21:11:18.500285+00:00,0,0.0,0.0982,+1,0.5,0.9901,-0.8919,DraftKings,0.054,101.046990556,90.3,0.0,0.0,0.333,0.445,0.336,0.274,0.168,1.31,4.23,,0.38,0.0
2026-05-06,672695,Geraldo Perdomo,AZ,hr,probable_recent,1,NO,2026-05-06T21:11:18.506174+00:00,0,0.0,0.0674,+1,0.5,0.9901,-0.9227,DraftKings,0.023,96.822309556,86.6,0.0,0.0,0.325,0.298,0.34,0.245,0.11,1.06,2.25,,0.55,0.0
2026-05-06,672724,Oswald Peraza,LAA,hr,official,6,LEAN,2026-05-06T21:11:18.504148+00:00,0,0.0,0.0876,+2,0.5,0.9804,-0.8928,DraftKings,0.058,99.300897879,87.6,0.0,0.0,0.322,0.338,0.412,0.262,0.324,0.75,3.38,,0.38,0.0
2026-05-06,672820,Lenyn Sosa,TOR,hr,official,4,LEAN,2026-05-06T21:11:18.504148+00:00,0,0.0,0.0822,,,,,,0.063,100.069841613,89.4,0.0,0.0,0.278,0.397,0.397,0.249,0.225,0.26,3.84,,0.38,0.0
2026-05-06,672960,Kazuma Okamoto,TOR,hr,official,2,LEAN,2026-05-06T21:11:18.495240+00:00,0,0.0,0.1208,,,,,,0.095,103.969965,93.2,0.0,0.0,0.362,0.529,0.345,0.243,0.331,0.26,3.84,,0.38,0.0
2026-05-06,673548,Seiya Suzuki,CHC,hr,official,5,LEAN,2026-05-06T21:11:18.495240+00:00,0,0.0,0.1192,+1,0.5,0.9901,-0.8709,DraftKings,0.059,101.517803438,90.1,0.0,0.0,0.386,0.444,0.444,0.293,0.242,1.95,6.15,,0.38,0.0
2026-05-06,673962,Josh Jung,TEX,hr,official,4,LEAN,2026-05-06T21:11:18.500285+00:00,0,0.0,0.1022,+3,0.5,0.9709,-0.8687,DraftKings,0.038,100.589533333,90.3,0.0,0.0,0.372,0.485,0.436,0.319,0.162,0.96,3.38,,0.38,0.0
2026-05-06,676356,Jonny DeLuca,TB,hr,official,5,NO,2026-05-06T21:11:18.506174+00:00,0,0.0,0.0756,,,,,,0.039,99.398532759,88.0,0.0,0.0,0.297,0.333,0.283,0.264,0.228,0.9,5.7,,0.38,0.0
2026-05-06,676391,Ernie Clement,TOR,hr,official,5,LEAN,2026-05-06T21:11:18.495240+00:00,0,0.0,0.1193,,,,,,0.7,95.873928769,86.3,0.0,0.0,0.28,0.265,0.311,0.267,0.14,0.26,3.84,,0.38,0.0
2026-05-06,676475,Alec Burleson,STL,hr,official,3,LEAN,2026-05-06T21:11:18.495240+00:00,0,0.0,0.126,,,,,,0.092,101.711917321,91.1,0.0,0.0,0.384,0.464,0.304,0.275,0.189,2.05,5.27,,0.62,0.0
2026-05-06,676609,José Caballero,NYY,hr,official,9,NO,2026-05-06T21:11:18.506174+00:00,0,0.0,0.0599,,,,,,0.023,96.763373111,83.5,0.0,0.0,0.268,0.302,0.292,0.221,0.276,2.04,4.38,,0.38,0.0
2026-05-06,676914,Davis Schneider,TOR,hr,official,6,NO,2026-05-06T21:11:18.504148+00:00,0,0.0,0.0763,,,,,,0.062,99.98089125,87.3,0.0,0.0,0.302,0.419,0.226,0.165,0.3,0.26,3.84,,0.38,0.0
2026-05-06,677587,Brayan Rocchio,CLE,hr,official,7,NO,2026-05-06T21:11:18.506174+00:00,0,0.0,0.0679,+1,0.5,0.9901,-0.9222,DraftKings,0.015,96.611205,85.2,0.0,0.0,0.303,0.282,0.248,0.25,0.213,2.78,5.27,,0.55,0.0
2026-05-06,677588,José Tena,WSH,hr,official,6,LEAN,2026-05-06T21:11:18.500285+00:00,1,1.0,0.0987,,,,,,0.031,101.7650115,91.3,0.0,0.0,0.301,0.475,0.425,0.239,0.336,0.95,3.81,,0.62,0.0
2026-05-06,677594,Julio Rodríguez,SEA,hr,official,3,LEAN,2026-05-06T21:11:18.504148+00:00,1,1.0,0.0905,,,,,,0.05,101.708915091,89.4,0.0,0.0,0.328,0.418,0.3,0.257,0.283,0.86,4.47,,0.38,0.0
2026-05-06,677649,Ezequiel Duran,TEX,hr,official,2,LEAN,2026-05-06T21:11:18.500285+00:00,0,0.0,0.0993,+1,0.5,0.9901,-0.8908,DraftKings,0.037,101.017249286,91.1,0.0,0.0,0.318,0.424,0.305,0.268,0.312,0.96,3.38,,0.38,0.0
2026-05-06,677800,Wilyer Abreu,BOS,hr,official,3,LEAN,2026-05-06T21:11:18.495240+00:00,0,0.0,0.1142,+1,0.5,0.9901,-0.8759,BetMGM,0.08,101.6130225,90.2,0.0,0.0,0.376,0.471,0.327,0.287,0.206,1.55,5.34,,0.62,0.0
2026-05-06,677950,Alek Thomas,AZ,hr,probable_recent,9,LEAN,2026-05-06T21:11:18.504148+00:00,0,0.0,0.088,+1,0.5,0.9901,-0.9021,DraftKings,0.052,100.19156697,89.5,0.0,0.0,0.29,0.42,0.362,0.232,0.269,1.06,2.25,,0.62,0.0
2026-05-06,677951,Bobby Witt Jr.,KC,hr,official,2,LEAN,2026-05-06T21:11:18.495240+00:00,0,0.0,0.1261,+2,0.5,0.9804,-0.8543,DraftKings,0.086,103.457864211,92.7,0.0,0.0,0.387,0.504,0.374,0.306,0.25,1.31,4.23,,0.38,0.0
2026-05-06,678246,Miguel Vargas,CWS,hr,official,3,LEAN,2026-05-06T21:11:18.500285+00:00,0,0.0,0.1073,+2,0.5,0.9804,-0.8731,DraftKings,0.084,100.436443922,88.9,0.0,0.0,0.378,0.446,0.406,0.251,0.189,0.47,3.4,,0.38,0.0
2026-05-06,678554,Curtis Mead,WSH,hr,official,3,LEAN,2026-05-06T21:11:18.500285+00:00,0,0.0,0.1038,+1,0.5,0.9901,-0.8863,DraftKings,0.071,100.570549355,88.8,0.0,0.0,0.352,0.452,0.274,0.26,0.169,0.95,3.81,,0.38,0.0
2026-05-06,678662,Ezequiel Tovar,COL,hr,probable_recent,8,NO,2026-05-06T21:11:18.506174+00:00,0,0.0,0.0689,+1,0.5,0.9901,-0.9212,BetMGM,0.059,98.866051364,87.4,0.0,0.0,0.293,0.364,0.432,0.234,0.308,0.94,3.68,,0.38,0.0
2026-05-06,678882,Ceddanne Rafaela,BOS,hr,official,6,LEAN,2026-05-06T21:11:18.504148+00:00,0,0.0,0.0813,+1,0.5,0.9901,-0.9088,BetMGM,0.047,98.28997814,87.9,0.0,0.0,0.299,0.386,0.375,0.245,0.268,1.55,5.34,,0.38,0.0
2026-05-06,679529,Spencer Torkelson,DET,hr,official,8,LEAN,2026-05-06T21:11:18.495240+00:00,0,0.0,0.114,+1,0.5,0.9901,-0.8761,BetMGM,0.086,101.518655405,91.3,0.0,0.0,0.36,0.467,0.48,0.231,0.267,1.17,5.66,,0.38,0.0
2026-05-06,679845,Nick Loftin,KC,hr,official,8,NO,2026-05-06T21:11:18.506174+00:00,0,0.0,0.0672,+1,0.5,0.9901,-0.9229,DraftKings,0.024,96.941581875,86.2,0.0,0.0,0.324,0.344,0.25,0.253,0.098,1.31,4.23,,0.38,0.0
2026-05-06,680574,Matt McLain,CIN,hr,official,9,LEAN,2026-05-06T21:11:18.504148+00:00,1,1.0,0.0814,+1,0.5,0.9901,-0.9087,DraftKings,0.048,97.468874889,87.7,0.0,0.0,0.309,0.3,0.333,0.219,0.248,0.83,4.41,,0.38,0.0
2026-05-06,680728,Adrian Del Castillo,AZ,hr,probable_recent,4,LEAN,2026-05-06T21:11:18.504148+00:00,0,0.0,0.0827,+1,0.5,0.9901,-0.9074,DraftKings,0.056,98.874981304,88.8,0.0,0.0,0.272,0.413,0.37,0.216,0.285,1.06,2.25,,0.62,0.0
2026-05-06,680776,Jarren Duran,BOS,hr,official,1,LEAN,2026-05-06T21:11:18.500285+00:00,0,0.0,0.1046,+1,0.5,0.9901,-0.8855,BetMGM,0.076,102.373233023,90.1,0.0,0.0,0.296,0.42,0.261,0.229,0.342,1.55,5.34,,0.62,0.0
2026-05-06,680869,Zack Gelof,ATH,hr,official,9,LEAN,2026-05-06T21:11:18.500285+00:00,0,0.0,0.0994,+2,0.5,0.9804,-0.881,BetMGM,0.042,100.4731525,92.0,0.0,0.0,0.326,0.429,0.286,0.266,0.294,0.0,2.44,,0.38,0.0
2026-05-06,681198,TJ Rumfield,COL,hr,probable_recent,3,NO,2026-05-06T21:11:18.506174+00:00,1,1.0,0.0715,+1,0.5,0.9901,-0.9186,BetMGM,0.063,99.090962407,86.2,0.0,0.0,0.336,0.385,0.376,0.269,0.204,0.94,3.68,,0.62,0.0
2026-05-06,681393,Connor Norby,MIA,hr,official,3,LEAN,2026-05-06T21:11:18.504148+00:00,0,0.0,0.093,+1,0.5,0.9901,-0.8971,DraftKings,0.057,97.968791471,88.2,0.0,0.0,0.304,0.382,0.338,0.205,0.317,1.84,5.77,,0.38,0.0
2026-05-06,681481,Kerry Carpenter,DET,hr,official,6,LEAN,2026-05-06T21:11:18.500285+00:00,0,0.0,0.1048,+1,0.5,0.9901,-0.8853,BetMGM,0.062,100.511953333,92.2,0.0,0.0,0.309,0.525,0.377,0.21,0.349,1.17,5.66,,0.62,0.0
2026-05-06,681624,Andy Pages,LAD,hr,official,6,LEAN,2026-05-06T21:11:18.500285+00:00,1,3.0,0.0983,,,,,,0.042,101.933662941,90.5,0.0,0.0,0.347,0.529,0.353,0.293,0.241,1.32,4.38,,0.38,0.0
2026-05-06,681807,David Fry,CLE,hr,official,5,LEAN,2026-05-06T21:11:18.500285+00:00,0,0.0,0.0981,+1,0.5,0.9901,-0.892,DraftKings,0.058,99.199560769,89.0,0.0,0.0,0.307,0.423,0.385,0.193,0.295,2.78,5.27,,0.38,0.0
2026-05-06,682177,Daniel Schneemann,CLE,hr,official,6,LEAN,2026-05-06T21:11:18.500285+00:00,0,0.0,0.1075,+1,0.5,0.9901,-0.8826,DraftKings,0.059,99.523366774,90.0,0.0,0.0,0.338,0.417,0.426,0.258,0.34,2.78,5.27,,0.62,0.0
2026-05-06,682626,Francisco Alvarez,NYM,hr,probable_recent,8,LEAN,2026-05-06T21:11:18.500285+00:00,0,0.0,0.0972,+1,0.5,0.9901,-0.8929,BetMGM,0.1,100.971217838,89.5,0.0,0.0,0.332,0.411,0.26,0.231,0.274,1.59,5.55,,0.38,0.0
2026-05-06,682657,Angel Martínez,CLE,hr,official,1,LEAN,2026-05-06T21:11:18.500285+00:00,0,0.0,0.105,,,,,,0.069,100.740556279,88.6,0.0,0.0,0.327,0.379,0.386,0.282,0.159,2.78,5.27,,0.55,0.0
2026-05-06,682818,Yohendrick Piñango,TOR,hr,official,8,LEAN,2026-05-06T21:11:18.504148+00:00,0,0.0,0.0929,,,,,,0.043,101.723556,90.3,0.0,0.0,0.363,0.4,0.35,0.347,0.116,0.26,3.84,,0.62,0.0
2026-05-06,682829,Elly De La Cruz,CIN,hr,official,3,LEAN,2026-05-06T21:11:18.495240+00:00,0,0.0,0.1382,+1,0.5,0.9901,-0.8519,DraftKings,0.088,105.050302979,93.8,0.0,0.0,0.367,0.505,0.309,0.267,0.3,0.83,4.41,,0.55,0.0
2026-05-06,682928,CJ Abrams,WSH,hr,official,4,LEAN,2026-05-06T21:11:18.500285+00:00,1,1.0,0.1121,+1,0.5,0.9901,-0.878,DraftKings,0.075,100.53343449,89.3,0.0,0.0,0.381,0.423,0.32,0.275,0.291,0.95,3.81,,0.62,0.0
2026-05-06,682985,Riley Greene,DET,hr,official,4,LEAN,2026-05-06T21:11:18.495240+00:00,0,0.0,0.1167,+1,0.5,0.9901,-0.8734,BetMGM,0.085,103.06636,90.4,0.0,0.0,0.388,0.506,0.404,0.276,0.29,1.17,5.66,,0.62,0.0
2026-05-06,682998,Corbin Carroll,AZ,hr,probable_recent,3,LEAN,2026-05-06T21:11:18.500285+00:00,0,0.0,0.0989,+1,0.5,0.9901,-0.8912,DraftKings,0.067,100.058477692,89.7,0.0,0.0,0.343,0.397,0.308,0.237,0.339,1.06,2.25,,0.62,0.0
2026-05-06,683002,Gunnar Henderson,BAL,hr,official,1,LEAN,2026-05-06T21:11:18.500285+00:00,0,0.0,0.1027,+1,0.5,0.9901,-0.8874,DraftKings,0.061,100.576859,89.9,0.0,0.0,0.298,0.46,0.35,0.225,0.272,1.49,5.0,,0.62,0.0
2026-05-06,683083,Nasim Nuñez,WSH,hr,official,9,NO,2026-05-06T21:11:18.506174+00:00,0,0.0,0.047,,,,,,0.0,93.529685385,84.6,0.0,0.0,0.287,0.171,0.341,0.228,0.203,0.95,3.81,,0.55,0.0
2026-05-06,683146,Brett Baty,NYM,hr,probable_recent,5,NO,2026-05-06T21:11:18.504148+00:00,0,0.0,0.0771,+1,0.5,0.9901,-0.913,BetMGM,0.045,99.443748857,89.4,0.0,0.0,0.281,0.357,0.286,0.218,0.288,1.59,5.55,,0.62,0.0
2026-05-06,683357,Owen Caissie,MIA,hr,official,7,LEAN,2026-05-06T21:11:18.500285+00:00,0,0.0,0.1074,+1,0.5,0.9901,-0.8827,DraftKings,0.056,102.59236037,90.7,0.0,0.0,0.275,0.444,0.444,0.203,0.353,1.84,5.77,,0.62,0.0
2026-05-06,683679,Jesus Rodriguez,SF,hr,official,8,NO,2026-05-06T21:11:18.506174+00:00,0,0.0,0.03,+3,0.5,0.9709,-0.9409,DraftKings,0.0,0.0,0.0,0.0,0.0,0.319,0.0,0.0,0.301,0.0,0.0,2.17,,0.38,0.0
2026-05-06,683734,Andrew Vaughn,MIL,hr,official,6,NO,2026-05-06T21:11:18.506174+00:00,1,1.0,0.03,,,,,,0.0,0.0,0.0,0.0,0.0,0.219,0.0,0.0,0.16,0.0,1.21,4.41,,0.38,0.0
2026-05-06,683737,Michael Busch,CHC,hr,official,6,LEAN,2026-05-06T21:11:18.500285+00:00,0,0.0,0.0936,+1,0.5,0.9901,-0.8965,DraftKings,0.058,98.4443602,86.9,0.0,0.0,0.312,0.374,0.303,0.223,0.246,1.95,6.15,,0.62,0.0
2026-05-06,686217,Sal Frelick,MIL,hr,official,1,NO,2026-05-06T21:11:18.506174+00:00,0,0.0,0.0634,,,,,,0.032,96.763978913,85.0,0.0,0.0,0.308,0.258,0.269,0.244,0.119,1.21,4.41,,0.62,0.0
2026-05-06,686452,Drew Millas,WSH,hr,official,8,NO,2026-05-06T21:11:18.506174+00:00,1,1.0,0.0343,+1,0.5,0.9901,-0.9558,DraftKings,0.016,91.811838333,80.1,0.0,0.0,0.242,0.211,0.421,0.197,0.231,0.95,3.81,,0.55,0.0
2026-05-06,686469,Vinnie Pasquantino,KC,hr,official,5,LEAN,2026-05-06T21:11:18.500285+00:00,0,0.0,0.0956,+1,0.5,0.9901,-0.8945,DraftKings,0.068,99.769011224,89.3,0.0,0.0,0.311,0.394,0.354,0.229,0.173,1.31,4.23,,0.62,0.0
2026-05-06,686555,Isaac Collins,KC,hr,official,7,LEAN,2026-05-06T21:11:18.504148+00:00,0,0.0,0.0912,+1,0.5,0.9901,-0.8989,DraftKings,0.045,100.9122125,89.5,0.0,0.0,0.314,0.413,0.317,0.232,0.267,1.31,4.23,,0.55,0.0
2026-05-06,686780,Pedro Pagés,STL,hr,official,8,NO,2026-05-06T21:11:18.506174+00:00,0,0.0,0.076,,,,,,0.048,98.643151071,85.7,0.0,0.0,0.287,0.351,0.333,0.226,0.272,2.05,5.27,,0.38,0.0
2026-05-06,686797,Brooks Lee,MIN,hr,official,2,LEAN,2026-05-06T21:11:18.504148+00:00,0,0.0,0.0872,+2,0.5,0.9804,-0.8932,DraftKings,0.04,96.730192889,87.7,0.0,0.0,0.264,0.308,0.341,0.212,0.219,2.63,5.2,,0.55,0.0
2026-05-06,686948,Drake Baldwin,ATL,hr,official,1,LEAN,2026-05-06T21:11:18.495240+00:00,0,0.0,0.1275,+2,0.5,0.9804,-0.8529,DraftKings,0.1,103.273950678,91.7,0.0,0.0,0.396,0.5,0.39,0.296,0.222,1.2,4.06,,0.62,0.0
2026-05-06,687093,Vaughn Grissom,LAA,hr,official,3,LEAN,2026-05-06T21:11:18.500285+00:00,0,0.0,0.097,+2,0.5,0.9804,-0.8834,DraftKings,0.05,99.800345417,89.8,0.0,0.0,0.338,0.417,0.208,0.25,0.169,0.75,3.38,,0.38,0.0
2026-05-06,687221,Dalton Rushing,LAD,hr,official,7,LEAN,2026-05-06T21:11:18.495240+00:00,0,0.0,0.1188,,,,,,0.083,103.490636667,90.2,0.0,0.0,0.403,0.486,0.378,0.284,0.268,1.32,4.38,,0.62,0.0
2026-05-06,687263,Zach Neto,LAA,hr,official,1,LEAN,2026-05-06T21:11:18.504148+00:00,0,0.0,0.0912,+2,0.5,0.9804,-0.8892,DraftKings,0.058,98.615463478,88.9,0.0,0.0,0.315,0.359,0.359,0.21,0.306,0.75,3.38,,0.38,0.0
2026-05-06,687363,Victor Scott II,STL,hr,official,9,LEAN,2026-05-06T21:11:18.495240+00:00,0,0.0,0.1391,,,,,,1.0,97.299663929,87.7,0.0,0.0,0.26,0.279,0.279,0.214,0.3,2.05,5.27,,0.62,0.0
2026-05-06,687401,Joey Ortiz,MIL,hr,official,9,NO,2026-05-06T21:11:18.506174+00:00,0,0.0,0.0639,,,,,,0.036,97.019058214,86.1,0.0,0.0,0.273,0.328,0.155,0.209,0.18,1.21,4.41,,0.38,0.0
2026-05-06,687637,Dylan Beavers,BAL,hr,official,7,LEAN,2026-05-06T21:11:18.504148+00:00,0,0.0,0.0887,+1,0.5,0.9901,-0.9014,DraftKings,0.039,99.869607647,88.2,0.0,0.0,0.304,0.426,0.309,0.23,0.233,1.49,5.0,,0.62,0.0
2026-05-06,687859,Troy Johnston,COL,hr,probable_recent,6,NO,2026-05-06T21:11:18.506174+00:00,0,0.0,0.0677,+1,0.5,0.9901,-0.9224,BetMGM,0.017,98.96034975,89.1,0.0,0.0,0.318,0.398,0.446,0.261,0.229,0.94,3.68,,0.62,0.0
2026-05-06,689414,Liam Hicks,MIA,hr,official,2,LEAN,2026-05-06T21:11:18.500285+00:00,0,0.0,0.1096,+2,0.5,0.9804,-0.8708,DraftKings,0.066,99.404413061,88.5,0.0,0.0,0.381,0.414,0.343,0.322,0.097,1.84,5.77,,0.62,0.0
2026-05-06,690291,Jace Jung,DET,hr,official,9,NO,2026-05-06T21:11:18.506174+00:00,0,0.0,0.0421,+2,0.5,0.9804,-0.9383,BetMGM,0.0,0.0,0.0,0.0,0.0,0.411,0.0,0.0,0.248,0.0,1.17,5.66,,0.62,0.0
2026-05-06,690976,Alex Freeland,LAD,hr,official,9,LEAN,2026-05-06T21:11:18.504148+00:00,0,0.0,0.0909,,,,,,0.06,99.818033,88.9,0.0,0.0,0.306,0.381,0.349,0.233,0.281,1.32,4.38,,0.55,0.0
2026-05-06,690984,Petey Halpin,CLE,hr,official,9,NO,2026-05-06T21:11:18.506174+00:00,0,0.0,0.0343,+1,0.5,0.9901,-0.9558,DraftKings,0.0,0.0,0.0,0.0,0.0,0.115,0.0,0.0,0.119,0.0,2.78,5.27,,0.62,0.0
2026-05-06,690993,Colt Keith,DET,hr,official,3,LEAN,2026-05-06T21:11:18.500285+00:00,0,0.0,0.1071,+1,0.5,0.9901,-0.883,BetMGM,0.047,101.56983,92.5,0.0,0.0,0.346,0.5,0.325,0.298,0.225,1.17,5.66,,0.62,0.0
2026-05-06,691011,Drew Romo,CWS,hr,official,9,LEAN,2026-05-06T21:11:18.500285+00:00,0,0.0,0.1113,+2,0.5,0.9804,-0.8691,DraftKings,0.143,95.69601,84.7,0.0,0.0,0.503,0.273,0.364,0.268,0.27,0.47,3.4,,0.55,0.0
2026-05-06,691016,Tyler Soderstrom,ATH,hr,official,3,LEAN,2026-05-06T21:11:18.495240+00:00,1,1.0,0.1142,+1,0.5,0.9901,-0.8759,DraftKings,0.092,102.528845625,90.5,0.0,0.0,0.334,0.5,0.302,0.244,0.244,0.0,2.44,,0.62,0.0
2026-05-06,691023,Jordan Walker,STL,hr,official,4,YES,2026-05-06T21:11:18.490500+00:00,0,0.0,0.1555,,,,,,0.123,106.879906364,95.7,0.0,0.0,0.405,0.591,0.42,0.293,0.341,2.05,5.27,,0.38,0.0
2026-05-06,691026,Masyn Winn,STL,hr,official,6,NO,2026-05-06T21:11:18.506174+00:00,0,0.0,0.0721,,,,,,0.023,96.985052045,86.3,0.0,0.0,0.316,0.27,0.348,0.267,0.208,2.05,5.27,,0.38,0.0
2026-05-06,691176,Jasson Domínguez,NYY,hr,official,4,LEAN,2026-05-06T21:11:18.500285+00:00,0,0.0,0.0978,+1,0.5,0.9901,-0.8923,DraftKings,0.0,100.371845833,90.9,0.0,0.0,0.334,0.391,0.261,0.321,0.25,2.04,4.38,,0.55,0.0
2026-05-06,691406,Junior Caminero,TB,hr,official,3,LEAN,2026-05-06T21:11:18.500285+00:00,0,0.0,0.11,,,,,,0.073,103.975131132,90.9,0.0,0.0,0.361,0.429,0.245,0.268,0.213,0.9,5.7,,0.38,0.0
2026-05-06,691594,Javier Sanoja,MIA,hr,official,9,NO,2026-05-06T21:11:18.506174+00:00,0,0.0,0.0711,+1,0.5,0.9901,-0.919,DraftKings,0.013,97.850860333,87.5,0.0,0.0,0.26,0.322,0.254,0.224,0.147,1.84,5.77,,0.38,0.0
2026-05-06,691718,Pete Crow-Armstrong,CHC,hr,official,8,LEAN,2026-05-06T21:11:18.495240+00:00,1,1.0,0.118,+1,0.5,0.9901,-0.8721,DraftKings,0.054,102.704207778,91.8,0.0,0.0,0.304,0.463,0.242,0.236,0.284,1.95,6.15,,0.62,0.0
2026-05-06,691720,Kyle Karros,COL,hr,probable_recent,7,LEAN,2026-05-06T21:11:18.504148+00:00,0,0.0,0.0817,+1,0.5,0.9901,-0.9084,BetMGM,0.042,100.011029429,90.4,0.0,0.0,0.35,0.394,0.465,0.261,0.24,0.94,3.68,,0.38,0.0
2026-05-06,691723,Coby Mayo,BAL,hr,official,8,LEAN,2026-05-06T21:11:18.504148+00:00,0,0.0,0.092,+1,0.5,0.9901,-0.8981,DraftKings,0.041,102.472713226,89.2,0.0,0.0,0.274,0.393,0.23,0.205,0.324,1.49,5.0,,0.38,0.0
2026-05-06,691781,Brady House,WSH,hr,official,5,LEAN,2026-05-06T21:11:18.500285+00:00,1,1.0,0.1027,+1,0.5,0.9901,-0.8874,DraftKings,0.07,101.393764872,89.7,0.0,0.0,0.305,0.41,0.282,0.236,0.343,0.95,3.81,,0.38,0.0
2026-05-06,691785,Marcelo Mayer,BOS,hr,official,7,LEAN,2026-05-06T21:11:18.504148+00:00,0,0.0,0.0892,+1,0.5,0.9901,-0.9009,BetMGM,0.059,99.557903889,88.3,0.0,0.0,0.298,0.438,0.329,0.233,0.267,1.55,5.34,,0.62,0.0
2026-05-06,691788,Joe Mack,MIA,hr,official,8,NO,2026-05-06T21:11:18.506174+00:00,0,0.0,0.031,+1,0.5,0.9901,-0.9591,DraftKings,0.0,0.0,0.0,0.0,0.0,0.23,0.0,0.0,0.226,0.0,1.84,5.77,,0.62,0.0
2026-05-06,693304,Nick Gonzales,PIT,hr,probable_recent,2,LEAN,2026-05-06T21:11:18.495240+00:00,0,0.0,0.1342,+3,0.5,0.9709,-0.8367,DraftKings,0.8,98.598249167,86.4,0.0,0.0,0.338,0.406,0.354,0.311,0.237,0.88,5.1,,0.38,0.0
2026-05-06,693307,Dillon Dingler,DET,hr,official,5,LEAN,2026-05-06T21:11:18.495240+00:00,0,0.0,0.129,+1,0.5,0.9901,-0.8611,BetMGM,0.115,101.819082558,91.1,0.0,0.0,0.422,0.529,0.448,0.317,0.192,1.17,5.66,,0.38,0.0
2026-05-06,694025,Felix Reyes,PHI,hr,official,9,LEAN,2026-05-06T21:11:18.504148+00:00,0,0.0,0.0817,+1,0.5,0.9901,-0.9084,DraftKings,0.036,98.506582727,88.9,0.0,0.0,0.213,0.238,0.381,0.205,0.304,1.4,3.19,,0.38,0.0
2026-05-06,694192,Jackson Chourio,MIL,hr,official,2,NO,2026-05-06T21:11:18.506174+00:00,0,0.0,0.0455,,,,,,0.0,0.0,0.0,0.0,0.0,1.09,0.0,0.0,0.819,0.0,1.21,4.41,,0.38,0.0
2026-05-06,694208,Moisés Ballesteros,CHC,hr,official,2,LEAN,2026-05-06T21:11:18.495240+00:00,0,0.0,0.1286,+1,0.5,0.9901,-0.8615,DraftKings,0.093,101.280395556,90.4,0.0,0.0,0.356,0.486,0.403,0.272,0.254,1.95,6.15,,0.62,0.0
2026-05-06,694212,Samuel Basallo,BAL,hr,official,5,LEAN,2026-05-06T21:11:18.495240+00:00,0,0.0,0.1221,+1,0.5,0.9901,-0.868,DraftKings,0.065,103.713003235,92.3,0.0,0.0,0.331,0.478,0.319,0.25,0.354,1.49,5.0,,0.62,0.0
2026-05-06,694384,Nolan Schanuel,LAA,hr,official,7,NO,2026-05-06T21:11:18.506174+00:00,0,0.0,0.0704,+2,0.5,0.9804,-0.91,DraftKings,0.021,97.203596786,87.1,0.0,0.0,0.306,0.319,0.336,0.267,0.164,0.75,3.38,,0.62,0.0
2026-05-06,694497,Evan Carter,TEX,hr,official,5,LEAN,2026-05-06T21:11:18.504148+00:00,1,1.0,0.0862,+1,0.5,0.9901,-0.9039,DraftKings,0.048,98.605917838,87.8,0.0,0.0,0.311,0.372,0.372,0.21,0.255,0.96,3.38,,0.62,0.0
2026-05-06,694728,Brice Matthews,HOU,hr,official,1,NO,2026-05-06T21:11:18.504148+00:00,1,1.0,0.0769,,,,,,0.049,99.685219524,87.4,0.0,0.0,0.284,0.341,0.386,0.191,0.386,1.13,2.4,,0.38,0.0
2026-05-06,695578,James Wood,WSH,hr,official,1,YES,2026-05-06T21:11:18.490500+00:00,0,0.0,0.1659,+1,0.5,0.9901,-0.8242,DraftKings,0.135,108.048895366,96.5,0.0,0.0,0.42,0.598,0.39,0.265,0.355,0.95,3.81,,0.62,0.0
2026-05-06,695657,Colson Montgomery,CWS,hr,official,4,LEAN,2026-05-06T21:11:18.500285+00:00,0,0.0,0.1084,+2,0.5,0.9804,-0.872,DraftKings,0.08,101.649707907,90.1,0.0,0.0,0.33,0.407,0.395,0.212,0.345,0.47,3.4,,0.62,0.0
2026-05-06,695734,Daylen Lile,WSH,hr,official,2,LEAN,2026-05-06T21:11:18.504148+00:00,0,0.0,0.0838,+2,0.5,0.9804,-0.8966,DraftKings,0.039,98.016350179,87.4,0.0,0.0,0.336,0.378,0.402,0.28,0.247,0.95,3.81,,0.62,0.0
2026-05-06,696030,Alejandro Osuna,TEX,hr,official,8,NO,2026-05-06T21:11:18.504148+00:00,0,0.0,0.0776,+1,0.5,0.9901,-0.9125,DraftKings,0.0,98.497941667,88.3,0.0,0.0,0.349,0.308,0.308,0.243,0.163,0.96,3.38,,0.62,0.0
2026-05-06,696100,Hunter Goodman,COL,hr,probable_recent,4,LEAN,2026-05-06T21:11:18.500285+00:00,0,0.0,0.1008,+1,0.5,0.9901,-0.8893,BetMGM,0.08,103.406968611,93.1,0.0,0.0,0.312,0.528,0.361,0.213,0.362,0.94,3.68,,0.38,0.0
2026-05-06,696285,Jacob Young,WSH,hr,official,7,NO,2026-05-06T21:11:18.504148+00:00,0,0.0,0.0788,+1,0.5,0.9901,-0.9113,DraftKings,0.033,97.594724667,88.4,0.0,0.0,0.293,0.326,0.391,0.266,0.225,0.95,3.81,,0.38,0.0
2026-05-06,701305,Zach Dezenzo,HOU,hr,official,7,NO,2026-05-06T21:11:18.506174+00:00,0,0.0,0.03,,,,,,0.0,0.0,0.0,0.0,0.0,0.0,0.0,0.0,0.0,0.0,1.13,2.4,,0.38,0.0
2026-05-06,701358,Cam Smith,HOU,hr,official,5,LEAN,2026-05-06T21:11:18.500285+00:00,0,0.0,0.106,,,,,,0.09,102.861279535,88.9,0.0,0.0,0.348,0.46,0.345,0.258,0.312,1.13,2.4,,0.38,0.0
2026-05-06,701398,Sal Stewart,CIN,hr,official,4,LEAN,2026-05-06T21:11:18.495240+00:00,0,0.0,0.131,+1,0.5,0.9901,-0.8591,DraftKings,0.123,101.491152115,90.6,0.0,0.0,0.377,0.417,0.37,0.269,0.252,0.83,4.41,,0.38,0.0
2026-05-06,701538,Jackson Merrill,SD,hr,official,1,LEAN,2026-05-06T21:11:18.500285+00:00,0,0.0,0.1024,+2,0.5,0.9804,-0.878,DraftKings,0.069,100.971925,89.6,0.0,0.0,0.316,0.465,0.323,0.239,0.269,1.73,5.96,,0.62,0.0
2026-05-06,701675,Nathan Church,STL,hr,official,7,LEAN,2026-05-06T21:11:18.500285+00:00,0,0.0,0.0997,,,,,,0.093,98.936813333,87.2,0.0,0.0,0.314,0.367,0.367,0.253,0.222,2.05,5.27,,0.62,0.0
2026-05-06,701762,Nick Kurtz,ATH,hr,official,1,LEAN,2026-05-06T21:11:18.495240+00:00,0,0.0,0.14,+1,0.5,0.9901,-0.8501,DraftKings,0.083,106.362050556,95.4,0.0,0.0,0.386,0.583,0.403,0.244,0.371,0.0,2.44,,0.62,0.0
2026-05-06,701807,Carson Benge,NYM,hr,probable_recent,7,LEAN,2026-05-06T21:11:18.504148+00:00,0,0.0,0.0846,+1,0.5,0.9901,-0.9055,DraftKings,0.037,100.987312368,91.0,0.0,0.0,0.304,0.44,0.36,0.237,0.223,1.59,5.55,,0.62,0.0
2026-05-06,702284,Cole Young,SEA,hr,official,6,LEAN,2026-05-06T21:11:18.504148+00:00,0,0.0,0.085,+1,0.5,0.9901,-0.9051,DraftKings,0.055,99.397958125,88.0,0.0,0.0,0.33,0.396,0.375,0.263,0.258,0.86,4.47,,0.62,0.0
2026-05-06,702332,Caleb Durbin,BOS,hr,official,9,LEAN,2026-05-06T21:11:18.495240+00:00,0,0.0,0.1249,+1,0.5,0.9901,-0.8652,BetMGM,0.8,96.357394792,85.4,0.0,0.0,0.27,0.289,0.216,0.22,0.138,1.55,5.34,,0.38,0.0
2026-05-06,800050,Chase DeLauter,CLE,hr,official,2,LEAN,2026-05-06T21:11:18.495240+00:00,0,0.0,0.1132,+1,0.5,0.9901,-0.8769,DraftKings,0.06,100.512836863,89.9,0.0,0.0,0.378,0.402,0.398,0.298,0.162,2.78,5.27,,0.62,0.0
2026-05-06,802139,JJ Wetherholt,STL,hr,official,1,LEAN,2026-05-06T21:11:18.500285+00:00,0,0.0,0.109,,,,,,0.062,99.750889444,90.3,0.0,0.0,0.361,0.454,0.37,0.236,0.246,2.05,5.27,,0.62,0.0
2026-05-06,802415,Chandler Simpson,TB,hr,official,7,NO,2026-05-06T21:11:18.506174+00:00,0,0.0,0.0379,,,,,,0.0,93.080752167,83.9,0.0,0.0,0.266,0.15,0.297,0.262,0.11,0.9,5.7,,0.62,0.0
2026-05-06,803011,Sam Antonacci,CWS,hr,official,1,LEAN,2026-05-06T21:11:18.500285+00:00,0,0.0,0.1073,+2,0.5,0.9804,-0.8731,BetMGM,0.086,98.077270385,88.4,0.0,0.0,0.406,0.346,0.365,0.326,0.157,0.47,3.4,,0.62,0.0
2026-05-06,804606,Konnor Griffin,PIT,hr,probable_recent,6,LEAN,2026-05-06T21:11:18.504148+00:00,0,0.0,0.0919,+1,0.5,0.9901,-0.8982,DraftKings,0.068,100.583879189,88.8,0.0,0.0,0.327,0.351,0.338,0.242,0.345,0.88,5.1,,0.38,0.0
2026-05-06,805300,Jakob Marsee,MIA,hr,official,5,NO,2026-05-06T21:11:18.504148+00:00,0,0.0,0.0774,+1,0.5,0.9901,-0.9127,DraftKings,0.013,98.965505,87.8,0.0,0.0,0.277,0.379,0.284,0.196,0.189,1.84,5.77,,0.62,0.0
2026-05-06,805347,Jim Jarvis,ATL,hr,official,9,NO,2026-05-06T21:11:18.506174+00:00,0,0.0,0.03,,,,,,0.0,0.0,0.0,0.0,0.0,0.0,0.0,0.0,0.0,0.0,1.2,4.06,,0.62,0.0
2026-05-06,805367,Chase Meidroth,CWS,hr,official,5,NO,2026-05-06T21:11:18.506174+00:00,0,0.0,0.0726,,,,,,0.027,97.864327872,88.0,0.0,0.0,0.301,0.371,0.32,0.241,0.192,0.47,3.4,,0.38,0.0
2026-05-06,805779,Jacob Wilson,ATH,hr,official,2,NO,2026-05-06T21:11:18.506174+00:00,0,0.0,0.0482,+2,0.5,0.9804,-0.9322,DraftKings,0.014,96.256886825,84.8,0.0,0.0,0.274,0.297,0.313,0.268,0.156,0.0,2.44,,0.38,0.0
2026-05-06,805808,Kevin McGonigle,DET,hr,official,1,LEAN,2026-05-06T21:11:18.500285+00:00,0,0.0,0.1069,+2,0.5,0.9804,-0.8735,BetMGM,0.091,99.065633333,88.5,0.0,0.0,0.397,0.381,0.442,0.293,0.132,1.17,5.66,,0.62,0.0
2026-05-06,805811,Bryce Eldridge,SF,hr,official,7,NO,2026-05-06T21:11:18.506174+00:00,0,0.0,0.03,+3,0.5,0.9709,-0.9409,DraftKings,0.0,0.0,0.0,0.0,0.0,0.295,0.0,0.0,0.246,0.0,0.0,2.17,,0.62,0.0
2026-05-06,805904,Zach Cole,HOU,hr,official,6,NO,2026-05-06T21:11:18.506174+00:00,0,0.0,0.0342,,,,,,0.0,0.0,0.0,0.0,0.0,0.343,0.0,0.0,0.193,0.0,1.13,2.4,,0.62,0.0
2026-05-06,807712,Luke Keaschall,MIN,hr,official,7,NO,2026-05-06T21:11:18.506174+00:00,0,0.0,0.0703,+1,0.5,0.9901,-0.9198,DraftKings,0.027,95.927635273,84.6,0.0,0.0,0.284,0.252,0.306,0.227,0.129,2.63,5.2,,0.38,0.0
2026-05-06,807799,Masataka Yoshida,BOS,hr,official,5,NO,2026-05-06T21:11:18.504148+00:00,0,0.0,0.0764,+1,0.5,0.9901,-0.9137,BetMGM,0.0,99.499447083,89.7,0.0,0.0,0.289,0.426,0.191,0.209,0.126,1.55,5.34,,0.62,0.0
2026-05-06,808959,Munetaka Murakami,CWS,hr,official,2,YES,2026-05-06T21:11:18.490500+00:00,0,0.0,0.1516,+2,0.5,0.9804,-0.8288,DraftKings,0.109,105.938054474,95.4,0.0,0.0,0.402,0.636,0.338,0.239,0.437,0.47,3.4,,0.62,0.0
2026-05-06,808975,Hyeseong Kim,LAD,hr,official,8,NO,2026-05-06T21:11:18.506174+00:00,0,0.0,0.0687,,,,,,0.027,95.514593333,85.9,0.0,0.0,0.344,0.226,0.472,0.3,0.223,1.32,4.38,,0.62,0.0
2026-05-06,808982,Jung Hoo Lee,SF,hr,official,2,NO,2026-05-06T21:11:18.506174+00:00,0,0.0,0.0671,,,,,,0.021,96.890926667,88.3,0.0,0.0,0.316,0.31,0.363,0.283,0.143,0.0,2.17,,0.62,0.0
2026-05-06,810938,Ben Williamson,TB,hr,official,6,NO,2026-05-06T21:11:18.506174+00:00,0,0.0,0.0431,,,,,,0.0,0.0,0.0,0.0,0.0,0.544,0.0,0.0,0.309,0.0,0.9,5.7,,0.38,0.0
2026-05-06,823550,Sung-Mun Song,SD,hr,official,9,NO,2026-05-06T21:11:18.506174+00:00,0,0.0,0.0318,,,,,,0.0,0.0,0.0,0.0,0.0,0.28,0.0,0.0,0.225,0.0,1.73,5.96,,0.62,0.0
2026-05-07,457705,Andrew McCutchen,TEX,hr,probable_recent,9,LEAN,2026-05-07T04:11:58.976145+00:00,0,0.0,0.0872,+1,0.5,0.9901,-0.912,DraftKings,0.058,97.82042375,88.8,0.0,0.0,0.248,0.281,0.344,0.199,0.364,1.4,4.68,,0.38,0.0
2026-05-07,502671,Paul Goldschmidt,NYY,hr,probable_recent,6,LEAN,2026-05-07T04:11:58.964868+00:00,0,0.0,0.1389,+1,0.5,0.9901,-0.8512,DraftKings,0.122,101.77787875,91.1,0.0,0.0,0.392,0.531,0.438,0.286,0.163,1.3,4.29,,0.38,0.0
2026-05-07,521692,Salvador Perez,KC,hr,probable_recent,4,LEAN,2026-05-07T04:11:58.973138+00:00,0,0.0,0.0906,+1,0.5,0.9901,-0.8995,DraftKings,0.068,99.952535818,87.9,0.0,0.0,0.276,0.413,0.312,0.217,0.264,2.02,5.63,,0.38,0.0
2026-05-07,543510,James McCann,AZ,hr,official,8,LEAN,2026-05-07T18:30:50.388989+00:00,0,0.0,0.1392,,,,,,0.174,87.0,94.9,0.0,0.0,0.628,0.421,0.35,0.468,0.0,0.22,3.75,,0.38,0.0
2026-05-07,543760,Marcus Semien,NYM,hr,probable_recent,6,NO,2026-05-07T04:11:58.978242+00:00,0,0.0,0.0612,,,,,,0.044,96.545543333,85.7,0.0,0.0,0.278,0.323,0.333,0.227,0.235,1.85,5.31,,0.38,0.0
2026-05-07,545121,Ildemaro Vargas,AZ,hr,probable_recent,5,LEAN,2026-05-07T04:11:58.977231+00:00,0,0.0,0.0805,,,,,,0.044,99.259716383,87.7,0.0,0.0,0.372,0.371,0.371,0.339,0.159,0.22,3.76,,0.55,0.0
2026-05-07,547180,Bryce Harper,PHI,hr,probable_recent,3,LEAN,2026-05-07T04:11:58.964868+00:00,0,0.0,0.1277,+1,0.5,0.9901,-0.8624,DraftKings,0.11,101.179566545,88.9,0.0,0.0,0.406,0.413,0.349,0.278,0.271,1.23,3.76,,0.62,0.0
2026-05-07,571448,Nolan Arenado,AZ,hr,probable_recent,7,NO,2026-05-07T04:11:58.978242+00:00,0,0.0,0.055,,,,,,0.058,95.026417955,83.5,0.0,0.0,0.312,0.264,0.356,0.257,0.265,0.22,3.76,,0.38,0.0
2026-05-07,575929,Willson Contreras,BOS,hr,probable_recent,2,LEAN,2026-05-07T04:11:58.964868+00:00,0,0.0,0.1346,+1,0.5,0.9901,-0.842,DraftKings,0.105,104.29015381,91.8,0.0,0.0,0.415,0.465,0.349,0.268,0.348,0.0,0.0,,0.38,0.0
2026-05-07,592206,Nick Castellanos,SD,hr,probable_recent,7,LEAN,2026-05-07T04:11:58.973138+00:00,0,0.0,0.0906,+1,0.5,0.9901,-0.8995,DraftKings,0.058,98.699749167,88.5,0.0,0.0,0.297,0.375,0.438,0.261,0.284,2.0,5.81,,0.38,0.0
2026-05-07,592450,Aaron Judge,NYY,hr,probable_recent,2,YES,2026-05-07T04:11:58.962852+00:00,0,0.0,0.1665,+1,0.5,0.9901,-0.8236,DraftKings,0.145,105.619127381,93.2,0.0,0.0,0.454,0.536,0.393,0.282,0.334,1.3,4.29,,0.38,0.0
2026-05-07,592518,Manny Machado,SD,hr,probable_recent,2,LEAN,2026-05-07T04:11:58.969897+00:00,0,0.0,0.0971,+1,0.5,0.9901,-0.893,DraftKings,0.043,101.035442222,89.9,0.0,0.0,0.318,0.444,0.3,0.237,0.232,2.0,5.81,,0.38,0.0
2026-05-07,592626,Joc Pederson,TEX,hr,official,5,LEAN,2026-05-07T18:30:50.391990+00:00,0,0.0,0.0879,,,,,,0.031,100.717901,91.8,0.0,0.0,0.309,0.483,0.3,0.212,0.326,0.0,3.57,,0.62,0.0
2026-05-07,593428,Xander Bogaerts,SD,hr,probable_recent,4,LEAN,2026-05-07T04:11:58.969897+00:00,0,0.0,0.0974,+1,0.5,0.9901,-0.8927,DraftKings,0.056,100.031195283,88.5,0.0,0.0,0.348,0.39,0.314,0.273,0.204,2.0,5.81,,0.38,0.0
2026-05-07,596103,Austin Slater,NYM,hr,official,4,NO,2026-05-07T18:30:50.393989+00:00,0,0.0,0.053,,,,,,0.027,93.113919091,84.7,0.0,0.0,0.24,0.136,0.364,0.181,0.313,1.85,5.3,,0.38,0.0
2026-05-07,596115,Trevor Story,BOS,hr,probable_recent,4,NO,2026-05-07T04:11:58.977231+00:00,0,0.0,0.07,+1,0.5,0.9901,-0.9067,DraftKings,0.02,99.152477292,89.0,0.0,0.0,0.259,0.417,0.323,0.226,0.299,0.0,0.0,,0.38,0.0
2026-05-07,605137,Josh Bell,MIN,hr,probable_recent,4,LEAN,2026-05-07T04:11:58.969897+00:00,0,0.0,0.1013,+1,0.5,0.9901,-0.8888,DraftKings,0.071,99.137313,89.1,0.0,0.0,0.323,0.414,0.354,0.236,0.258,1.04,4.81,,0.55,0.0
2026-05-07,605170,Victor Caratini,MIN,hr,probable_recent,6,LEAN,2026-05-07T04:11:58.976719+00:00,0,0.0,0.0834,,,,,,0.03,97.815325714,87.8,0.0,0.0,0.342,0.343,0.386,0.256,0.199,1.04,4.81,,0.55,0.0
2026-05-07,606466,Ketel Marte,AZ,hr,probable_recent,2,LEAN,2026-05-07T04:11:58.968887+00:00,0,0.0,0.1137,,,,,,0.071,104.245809412,92.8,0.0,0.0,0.363,0.495,0.33,0.303,0.251,0.22,3.76,,0.55,0.0
2026-05-07,607043,Brandon Nimmo,TEX,hr,probable_recent,1,LEAN,2026-05-07T04:11:58.966877+00:00,0,0.0,0.1191,+1,0.5,0.9901,-0.8801,DraftKings,0.068,101.091797647,90.8,0.0,0.0,0.368,0.48,0.324,0.293,0.249,1.4,4.68,,0.62,0.0
2026-05-07,607208,Trea Turner,PHI,hr,probable_recent,1,LEAN,2026-05-07T04:11:58.973138+00:00,0,0.0,0.092,+2,0.5,0.9804,-0.8884,DraftKings,0.038,99.294349825,90.2,0.0,0.0,0.288,0.398,0.327,0.241,0.261,1.23,3.76,,0.38,0.0
2026-05-07,608070,José Ramírez,CLE,hr,probable_recent,3,LEAN,2026-05-07T04:11:58.969897+00:00,0,0.0,0.0958,,,,,,0.068,99.800851228,89.7,0.0,0.0,0.371,0.404,0.339,0.27,0.168,0.21,4.09,,0.55,0.0
2026-05-07,608324,Alex Bregman,CHC,hr,probable_recent,3,LEAN,2026-05-07T04:11:58.971908+00:00,0,0.0,0.0921,+1,0.5,0.9901,-0.898,DraftKings,0.048,99.681380667,89.8,0.0,0.0,0.335,0.458,0.292,0.257,0.176,0.25,4.65,,0.38,0.0
2026-05-07,608369,Corey Seager,TEX,hr,probable_recent,3,LEAN,2026-05-07T04:11:58.966877+00:00,0,0.0,0.1276,+1,0.5,0.9901,-0.8716,DraftKings,0.095,102.531220667,90.9,0.0,0.0,0.348,0.472,0.371,0.242,0.353,1.4,4.68,,0.62,0.0
2026-05-07,609280,Miguel Andujar,SD,hr,probable_recent,3,LEAN,2026-05-07T04:11:58.973138+00:00,0,0.0,0.0895,+1,0.5,0.9901,-0.9006,DraftKings,0.033,100.285872778,89.4,0.0,0.0,0.303,0.431,0.306,0.272,0.172,2.0,5.81,,0.38,0.0
2026-05-07,621020,Dansby Swanson,CHC,hr,probable_recent,9,LEAN,2026-05-07T04:11:58.968887+00:00,0,0.0,0.1043,+1,0.5,0.9901,-0.8858,DraftKings,0.07,100.417858444,90.4,0.0,0.0,0.349,0.478,0.344,0.238,0.286,0.25,4.65,,0.38,0.0
2026-05-07,621438,Tyrone Taylor,NYM,hr,probable_recent,3,NO,2026-05-07T04:11:58.978242+00:00,0,0.0,0.0579,,,,,,0.031,96.91207,86.2,0.0,0.0,0.257,0.264,0.321,0.222,0.212,1.85,5.31,,0.38,0.0
2026-05-07,621439,Byron Buxton,MIN,hr,official,1,LEAN,2026-05-07T18:30:50.389989+00:00,0,0.0,0.1068,,,,,,0.128,100.45898434,88.5,0.0,0.0,0.314,0.438,0.343,0.218,0.313,0.91,4.8,,0.38,0.0
2026-05-07,621493,Taylor Ward,BAL,hr,probable_recent,2,LEAN,2026-05-07T04:11:58.973138+00:00,0,0.0,0.0904,+1,0.5,0.9901,-0.8997,DraftKings,0.037,99.365634423,89.0,0.0,0.0,0.382,0.385,0.385,0.286,0.164,0.49,3.89,,0.38,0.0
2026-05-07,624413,Pete Alonso,BAL,hr,probable_recent,4,LEAN,2026-05-07T04:11:58.964868+00:00,0,0.0,0.1279,+1,0.5,0.9901,-0.8622,DraftKings,0.071,103.030387083,95.2,0.0,0.0,0.359,0.568,0.326,0.244,0.278,0.49,3.89,,0.38,0.0
2026-05-07,624424,Michael Conforto,CHC,hr,official,6,LEAN,2026-05-07T18:30:50.388989+00:00,1,1.0,0.124,,,,,,0.049,101.987676667,94.4,0.0,0.0,0.398,0.435,0.478,0.294,0.309,0.25,4.64,,0.62,0.0
2026-05-07,624641,Edmundo Sosa,PHI,hr,probable_recent,5,LEAN,2026-05-07T04:11:58.969897+00:00,0,0.0,0.1021,+1,0.5,0.9901,-0.888,DraftKings,0.041,101.663421053,89.8,0.0,0.0,0.349,0.421,0.342,0.318,0.219,1.23,3.76,,0.38,0.0
2026-05-07,628451,Andy Ibáñez,NYM,hr,official,6,NO,2026-05-07T18:30:50.392990+00:00,0,0.0,0.0614,,,,,,0.0,96.019374444,87.9,0.0,0.0,0.185,0.235,0.294,0.163,0.195,1.85,5.3,,0.38,0.0
2026-05-07,641355,Cody Bellinger,NYY,hr,probable_recent,3,LEAN,2026-05-07T04:11:58.968887+00:00,0,0.0,0.1123,+1,0.5,0.9901,-0.8778,DraftKings,0.066,99.306007636,89.7,0.0,0.0,0.383,0.409,0.418,0.295,0.181,1.3,4.29,,0.62,0.0
2026-05-07,641555,J.C. Escarra,NYY,hr,official,9,LEAN,2026-05-07T18:30:50.390988+00:00,0,0.0,0.0992,,,,,,0.056,101.603222308,91.8,0.0,0.0,0.278,0.4,0.4,0.23,0.343,1.13,4.28,,0.62,0.0
2026-05-07,641857,Ryan McMahon,NYY,hr,probable_recent,8,LEAN,2026-05-07T04:11:58.968887+00:00,0,0.0,0.1145,,,,,,0.061,101.540902759,92.3,0.0,0.0,0.298,0.534,0.31,0.219,0.324,1.3,4.29,,0.62,0.0
2026-05-07,641933,Tyler O'Neill,BAL,hr,official,6,LEAN,2026-05-07T22:01:11.334157+00:00,0,0.0,0.0883,,,,,,0.018,100.958794706,89.9,0.0,0.0,0.309,0.471,0.324,0.19,0.341,0.49,3.89,,0.38,0.0
2026-05-07,642708,Amed Rosario,NYY,hr,official,4,LEAN,2026-05-07T18:30:50.389989+00:00,0,0.0,0.1162,,,,,,0.09,101.8720044,91.0,0.0,0.0,0.378,0.408,0.327,0.271,0.256,1.13,4.28,,0.38,0.0
2026-05-07,643376,Danny Jansen,TEX,hr,official,8,NO,2026-05-07T18:30:50.392990+00:00,0,0.0,0.0638,,,,,,0.035,98.4788372,88.1,0.0,0.0,0.25,0.388,0.265,0.173,0.278,0.0,3.57,,0.38,0.0
2026-05-07,643446,Jeff McNeil,ATH,hr,probable_recent,6,LEAN,2026-05-07T04:11:58.964868+00:00,0,0.0,0.1447,+1,0.5,0.9901,-0.8454,DraftKings,0.9,96.328279348,86.6,0.0,0.0,0.34,0.323,0.409,0.306,0.158,0.93,4.03,,0.62,0.0
2026-05-07,650489,Willi Castro,COL,hr,probable_recent,5,NO,2026-05-07T04:11:58.977231+00:00,0,0.0,0.0736,,,,,,0.039,100.342591667,89.0,0.0,0.0,0.279,0.45,0.3,0.217,0.316,1.42,4.68,,0.55,0.0
2026-05-07,650490,Yandy Díaz,TB,hr,probable_recent,1,LEAN,2026-05-07T04:11:58.968887+00:00,0,0.0,0.1099,,,,,,0.042,101.362512545,90.0,0.0,0.0,0.369,0.417,0.266,0.303,0.142,1.8,10.26,,0.38,0.0
2026-05-07,656484,Tristan Gray,MIN,hr,probable_recent,9,LEAN,2026-05-07T04:11:58.969897+00:00,0,0.0,0.0995,,,,,,0.066,100.960579444,89.0,0.0,0.0,0.3,0.405,0.405,0.244,0.36,1.04,4.81,,0.62,0.0
2026-05-07,656775,Cedric Mullins,TB,hr,probable_recent,2,NO,2026-05-07T04:11:58.977231+00:00,0,0.0,0.074,,,,,,0.017,97.20171075,87.8,0.0,0.0,0.216,0.31,0.267,0.157,0.21,1.8,10.26,,0.62,0.0
2026-05-07,656811,Ryan O'Hearn,PIT,hr,official,4,LEAN,2026-05-07T18:30:50.390988+00:00,0,0.0,0.0964,,,,,,0.048,100.3967592,90.5,0.0,0.0,0.372,0.47,0.34,0.288,0.217,0.56,5.2,,0.62,0.0
2026-05-07,656941,Kyle Schwarber,PHI,hr,probable_recent,2,LEAN,2026-05-07T04:11:58.964868+00:00,1,1.0,0.1334,+1,0.5,0.9901,-0.8567,DraftKings,0.099,102.238329268,91.8,0.0,0.0,0.369,0.469,0.321,0.215,0.315,1.23,3.76,,0.62,0.0
2026-05-07,657136,Connor Wong,BOS,hr,official,8,NO,2026-05-07T18:30:50.392990+00:00,0,0.0,0.069,,,,,,0.02,97.232287222,85.9,0.0,0.0,0.27,0.351,0.216,0.195,0.213,1.93,5.87,,0.38,0.0
2026-05-07,657656,Ramón Laureano,SD,hr,probable_recent,6,LEAN,2026-05-07T04:11:58.968887+00:00,0,0.0,0.1078,,,,,,0.088,100.721599286,89.2,0.0,0.0,0.325,0.446,0.337,0.237,0.297,2.0,5.81,,0.38,0.0
2026-05-07,660644,Vidal Bruján,NYM,hr,official,9,NO,2026-05-07T18:30:50.393989+00:00,0,0.0,0.03,,,,,,0.0,0.0,0.0,0.0,0.0,0.0,0.0,0.0,0.0,0.0,1.85,5.3,,0.55,0.0
2026-05-07,660688,Keibert Ruiz,WSH,hr,official,8,LEAN,2026-05-07T18:30:50.391990+00:00,1,1.0,0.0827,,,,,,0.043,98.098228571,89.2,0.0,0.0,0.208,0.393,0.286,0.174,0.149,1.85,5.2,,0.55,0.0
2026-05-07,663538,Nico Hoerner,CHC,hr,probable_recent,1,NO,2026-05-07T04:11:58.978242+00:00,0,0.0,0.0651,+2,0.5,0.9804,-0.9153,DraftKings,0.019,95.960292188,86.4,0.0,0.0,0.349,0.271,0.419,0.303,0.102,0.25,4.65,,0.38,0.0
2026-05-07,663616,Trevor Larnach,MIN,hr,probable_recent,3,LEAN,2026-05-07T04:11:58.973138+00:00,0,0.0,0.0907,+1,0.5,0.9901,-0.8994,DraftKings,0.051,98.012233438,87.9,0.0,0.0,0.339,0.333,0.365,0.237,0.272,1.04,4.81,,0.62,0.0
2026-05-07,663647,Ke'Bryan Hayes,CIN,hr,probable_recent,4,LEAN,2026-05-07T04:11:58.968887+00:00,0,0.0,0.1115,+1,0.5,0.9901,-0.8786,DraftKings,0.092,99.972773143,91.3,0.0,0.0,0.302,0.4,0.36,0.229,0.201,0.65,2.83,,0.38,0.0
2026-05-07,663698,Joey Bart,PIT,hr,probable_recent,8,NO,2026-05-07T04:11:58.978242+00:00,1,1.0,0.0602,,,,,,0.04,98.486514667,86.3,0.0,0.0,0.225,0.379,0.345,0.167,0.301,0.56,5.2,,0.38,0.0
2026-05-07,663743,Nick Fortes,TB,hr,probable_recent,8,LEAN,2026-05-07T04:11:58.976719+00:00,0,0.0,0.0816,,,,,,0.011,100.851881081,87.7,0.0,0.0,0.301,0.44,0.28,0.277,0.156,1.8,10.26,,0.38,0.0
2026-05-07,663757,Trent Grisham,NYY,hr,probable_recent,1,LEAN,2026-05-07T04:11:58.964868+00:00,0,0.0,0.1372,+1,0.5,0.9901,-0.8529,DraftKings,0.102,101.896464783,92.4,0.0,0.0,0.371,0.533,0.304,0.24,0.153,1.3,4.29,,0.62,0.0
2026-05-07,663886,Tyler Stephenson,CIN,hr,probable_recent,8,LEAN,2026-05-07T04:11:58.966877+00:00,0,0.0,0.1203,+1,0.5,0.9901,-0.8698,DraftKings,0.079,101.07277931,93.0,0.0,0.0,0.337,0.525,0.339,0.225,0.272,0.65,2.83,,0.38,0.0
2026-05-07,664023,Ian Happ,CHC,hr,probable_recent,4,LEAN,2026-05-07T04:11:58.969897+00:00,0,0.0,0.1025,+1,0.5,0.9901,-0.8876,DraftKings,0.077,101.048135366,88.9,0.0,0.0,0.352,0.39,0.329,0.209,0.355,0.25,4.65,,0.55,0.0
2026-05-07,664034,Ty France,SD,hr,probable_recent,9,LEAN,2026-05-07T04:11:58.964868+00:00,0,0.0,0.1352,+1,0.5,0.9901,-0.8549,DraftKings,0.125,101.971472083,90.8,0.0,0.0,0.403,0.479,0.333,0.314,0.198,2.0,5.81,,0.38,0.0
2026-05-07,664040,Brandon Lowe,PIT,hr,official,2,LEAN,2026-05-07T18:30:50.390988+00:00,1,1.0,0.1001,,,,,,0.086,100.849016222,88.5,0.0,0.0,0.37,0.427,0.36,0.253,0.344,0.56,5.2,,0.62,0.0
2026-05-07,664728,Kyle Isbel,KC,hr,probable_recent,6,LEAN,2026-05-07T04:11:58.976719+00:00,0,0.0,0.0838,+1,0.5,0.9901,-0.9063,DraftKings,0.041,98.238830333,87.3,0.0,0.0,0.314,0.313,0.328,0.254,0.203,2.02,5.63,,0.62,0.0
2026-05-07,664954,Brett Sullivan,COL,hr,official,9,NO,2026-05-07T18:30:50.393989+00:00,0,0.0,0.0533,,,,,,0.0,96.471687143,85.6,0.0,0.0,0.269,0.302,0.279,0.239,0.18,1.42,4.67,,0.62,0.0
2026-05-07,664983,Jake McCarthy,COL,hr,official,7,NO,2026-05-07T18:30:50.392990+00:00,1,1.0,0.069,,,,,,0.039,96.2029032,85.2,0.0,0.0,0.325,0.246,0.263,0.265,0.237,1.42,4.67,,0.62,0.0
2026-05-07,665019,Kody Clemens,MIN,hr,official,7,LEAN,2026-05-07T18:30:50.389989+00:00,0,0.0,0.1116,,,,,,0.093,100.728246786,91.2,0.0,0.0,0.339,0.393,0.429,0.229,0.276,0.91,4.8,,0.62,0.0
2026-05-07,665487,Fernando Tatis Jr.,SD,hr,probable_recent,5,LEAN,2026-05-07T04:11:58.964868+00:00,0,0.0,0.1284,+1,0.5,0.9901,-0.8617,DraftKings,0.081,105.725348125,92.8,0.0,0.0,0.352,0.604,0.375,0.28,0.313,2.0,5.81,,0.38,0.0
2026-05-07,665561,Rafael Marchán,PHI,hr,official,9,NO,2026-05-07T22:01:11.334157+00:00,0,0.0,0.0564,,,,,,0.019,95.3044,86.4,0.0,0.0,0.186,0.25,0.275,0.149,0.173,1.23,3.75,,0.55,0.0
2026-05-07,665742,Juan Soto,NYM,hr,probable_recent,1,LEAN,2026-05-07T04:11:58.964868+00:00,0,0.0,0.1406,,,,,,0.163,103.639687241,92.9,0.0,0.0,0.43,0.508,0.39,0.298,0.213,1.85,5.31,,0.62,0.0
2026-05-07,665804,Miguel Amaya,CHC,hr,probable_recent,2,NO,2026-05-07T04:11:58.978242+00:00,0,0.0,0.0648,,,,,,0.045,96.0935705,85.6,0.0,0.0,0.305,0.25,0.25,0.196,0.303,0.25,4.65,,0.38,0.0
2026-05-07,665833,Oneil Cruz,PIT,hr,probable_recent,1,LEAN,2026-05-07T04:11:58.964868+00:00,0,0.0,0.1407,,,,,,0.122,107.525862444,96.2,0.0,0.0,0.365,0.622,0.344,0.267,0.381,0.56,5.2,,0.62,0.0
2026-05-07,665862,Jazz Chisholm Jr.,NYY,hr,probable_recent,5,LEAN,2026-05-07T04:11:58.973138+00:00,0,0.0,0.0912,+1,0.5,0.9901,-0.8989,DraftKings,0.042,99.718784884,89.1,0.0,0.0,0.287,0.382,0.247,0.203,0.293,1.3,4.29,,0.62,0.0
2026-05-07,665923,Esteury Ruiz,MIA,hr,official,6,LEAN,2026-05-07T22:01:11.333116+00:00,0,0.0,0.1301,,,,,,0.222,99.960382,0.0,0.0,0.0,0.311,0.556,0.444,0.222,0.407,1.65,4.93,,0.38,0.0
2026-05-07,666018,Jonathan Aranda,TB,hr,probable_recent,4,LEAN,2026-05-07T04:11:58.968887+00:00,0,0.0,0.111,,,,,,0.06,99.575132128,89.6,0.0,0.0,0.354,0.415,0.404,0.256,0.233,1.8,10.26,,0.62,0.0
2026-05-07,666126,Carlos Cortes,ATH,hr,official,5,LEAN,2026-05-07T22:01:11.333651+00:00,0,0.0,0.1239,,,,,,0.103,101.001228857,91.3,0.0,0.0,0.415,0.451,0.366,0.338,0.176,0.93,4.02,,0.62,0.0
2026-05-07,666160,Mickey Moniak,COL,hr,probable_recent,1,LEAN,2026-05-07T04:11:58.969897+00:00,0,0.0,0.1009,,,,,,0.099,100.386941316,90.2,0.0,0.0,0.354,0.434,0.342,0.25,0.288,1.42,4.68,,0.62,0.0
2026-05-07,666181,Will Benson,CIN,hr,probable_recent,7,LEAN,2026-05-07T04:11:58.969897+00:00,0,0.0,0.0976,,,,,,0.066,98.864699375,90.2,0.0,0.0,0.294,0.333,0.333,0.184,0.33,0.65,2.83,,0.62,0.0
2026-05-07,666182,Bo Bichette,NYM,hr,probable_recent,2,LEAN,2026-05-07T04:11:58.976145+00:00,0,0.0,0.085,,,,,,0.026,101.689972586,91.2,0.0,0.0,0.316,0.474,0.319,0.287,0.193,1.85,5.31,,0.38,0.0
2026-05-07,666310,Bo Naylor,CLE,hr,official,8,LEAN,2026-05-07T18:30:50.390988+00:00,1,1.0,0.0934,,,,,,0.071,99.659502667,89.4,0.0,0.0,0.288,0.404,0.322,0.214,0.144,0.2,4.08,,0.62,0.0
2026-05-07,666397,Edouard Julien,COL,hr,probable_recent,9,LEAN,2026-05-07T04:11:58.969897+00:00,0,0.0,0.0931,,,,,,0.059,100.208742,91.0,0.0,0.0,0.354,0.441,0.424,0.256,0.297,1.42,4.68,,0.62,0.0
2026-05-07,666624,Christopher Morel,MIA,hr,probable_recent,6,NO,2026-05-07T04:11:58.978242+00:00,0,0.0,0.0552,+1,0.5,0.9901,-0.9349,DraftKings,0.0,103.37801,0.0,0.0,0.0,0.298,0.625,0.375,0.254,0.429,1.65,4.94,,0.38,0.0
2026-05-07,666969,Adolis García,PHI,hr,probable_recent,4,LEAN,2026-05-07T04:11:58.966877+00:00,0,0.0,0.1179,,,,,,0.056,101.819775217,93.1,0.0,0.0,0.325,0.511,0.359,0.256,0.296,1.23,3.76,,0.38,0.0
2026-05-07,667472,Dane Myers,CIN,hr,probable_recent,1,LEAN,2026-05-07T04:11:58.968887+00:00,0,0.0,0.1116,+1,0.5,0.9901,-0.8785,DraftKings,0.071,98.281209375,89.2,0.0,0.0,0.45,0.294,0.412,0.326,0.13,0.65,2.83,,0.38,0.0
2026-05-07,667670,Brent Rooker,ATH,hr,probable_recent,4,LEAN,2026-05-07T04:11:58.969897+00:00,1,1.0,0.0959,+1,0.5,0.9901,-0.8942,DraftKings,0.074,100.232535833,88.6,0.0,0.0,0.291,0.404,0.404,0.205,0.404,0.93,4.03,,0.38,0.0
2026-05-07,668709,JJ Bleday,CIN,hr,probable_recent,2,YES,2026-05-07T04:11:58.962852+00:00,0,0.0,0.1666,,,,,,0.138,104.656659,94.8,0.0,0.0,0.519,0.579,0.684,0.382,0.308,0.65,2.83,,0.62,0.0
2026-05-07,668715,Spencer Steer,CIN,hr,probable_recent,6,LEAN,2026-05-07T04:11:58.966877+00:00,0,0.0,0.1178,+1,0.5,0.9901,-0.8723,DraftKings,0.102,100.349459744,90.0,0.0,0.0,0.369,0.398,0.398,0.266,0.252,0.65,2.83,,0.38,0.0
2026-05-07,668723,Ryan Vilade,TB,hr,official,2,LEAN,2026-05-07T22:01:11.334157+00:00,0,0.0,0.092,,,,,,0.02,98.687266111,90.0,0.0,0.0,0.31,0.333,0.389,0.256,0.196,1.8,10.24,,0.38,0.0
2026-05-07,668804,Bryan Reynolds,PIT,hr,probable_recent,3,LEAN,2026-05-07T04:11:58.969897+00:00,0,0.0,0.1,,,,,,0.05,101.694097907,91.5,0.0,0.0,0.353,0.435,0.318,0.233,0.31,0.56,5.2,,0.55,0.0
2026-05-07,668885,Austin Martin,MIN,hr,official,3,NO,2026-05-07T18:30:50.392990+00:00,0,0.0,0.0652,,,,,,0.02,96.332119375,85.5,0.0,0.0,0.375,0.333,0.349,0.277,0.147,0.91,4.8,,0.38,0.0
2026-05-07,668901,Mark Vientos,NYM,hr,probable_recent,4,LEAN,2026-05-07T04:11:58.969897+00:00,0,0.0,0.095,,,,,,0.074,100.675854412,89.9,0.0,0.0,0.349,0.448,0.403,0.275,0.303,1.85,5.31,,0.38,0.0
2026-05-07,669016,Brandon Marsh,PHI,hr,probable_recent,7,LEAN,2026-05-07T04:11:58.968887+00:00,0,0.0,0.1068,+1,0.5,0.9901,-0.8833,DraftKings,0.049,100.441793913,90.7,0.0,0.0,0.339,0.489,0.457,0.291,0.196,1.23,3.76,,0.62,0.0
2026-05-07,669065,Kyle Stowers,MIA,hr,probable_recent,4,LEAN,2026-05-07T04:11:58.969897+00:00,0,0.0,0.0934,+1,0.5,0.9901,-0.8967,DraftKings,0.016,100.5453175,90.6,0.0,0.0,0.302,0.564,0.256,0.249,0.297,1.65,4.94,,0.62,0.0
2026-05-07,669127,Shea Langeliers,ATH,hr,official,2,LEAN,2026-05-07T22:01:11.333116+00:00,1,1.0,0.1345,,,,,,0.11,103.953550196,92.9,0.0,0.0,0.413,0.49,0.422,0.315,0.247,0.93,4.02,,0.38,0.0
2026-05-07,669236,Jeremiah Jackson,BAL,hr,probable_recent,9,LEAN,2026-05-07T04:11:58.976719+00:00,0,0.0,0.0842,+1,0.5,0.9901,-0.9059,DraftKings,0.06,99.898352326,88.1,0.0,0.0,0.295,0.345,0.31,0.251,0.291,0.49,3.89,,0.38,0.0
2026-05-07,669357,Nolan Gorman,STL,hr,probable_recent,5,LEAN,2026-05-07T04:11:58.976719+00:00,0,0.0,0.0847,+1,0.5,0.9901,-0.9054,DraftKings,0.062,100.692223095,88.3,0.0,0.0,0.296,0.44,0.381,0.216,0.326,0.68,4.0,,0.62,0.0
2026-05-07,669364,Xavier Edwards,MIA,hr,probable_recent,1,LEAN,2026-05-07T04:11:58.969897+00:00,0,0.0,0.0963,+2,0.5,0.9804,-0.8841,DraftKings,0.045,97.625251356,88.4,0.0,0.0,0.365,0.381,0.381,0.292,0.148,1.65,4.94,,0.55,0.0
2026-05-07,669394,Jake Burger,TEX,hr,probable_recent,7,LEAN,2026-05-07T04:11:58.968887+00:00,0,0.0,0.1044,+1,0.5,0.9901,-0.8948,DraftKings,0.068,102.910518542,89.7,0.0,0.0,0.275,0.49,0.292,0.216,0.354,1.4,4.68,,0.38,0.0
2026-05-07,669707,Jared Triolo,PIT,hr,probable_recent,9,NO,2026-05-07T04:11:58.978242+00:00,0,0.0,0.0555,,,,,,0.0,97.692157273,87.5,0.0,0.0,0.279,0.318,0.318,0.234,0.217,0.56,5.2,,0.38,0.0
2026-05-07,670242,Matt Wallner,MIN,hr,probable_recent,8,LEAN,2026-05-07T04:11:58.971908+00:00,0,0.0,0.0924,,,,,,0.051,101.261273871,88.5,0.0,0.0,0.294,0.41,0.279,0.211,0.419,1.04,4.81,,0.62,0.0
2026-05-07,670764,Taylor Walls,TB,hr,probable_recent,9,NO,2026-05-07T04:11:58.988084+00:00,0,0.0,0.0395,,,,,,0.0,93.493461667,82.2,0.0,0.0,0.227,0.148,0.259,0.162,0.208,1.8,10.26,,0.55,0.0
2026-05-07,671056,Iván Herrera,STL,hr,probable_recent,2,LEAN,2026-05-07T04:11:58.969897+00:00,0,0.0,0.1009,,,,,,0.05,102.4134352,90.7,0.0,0.0,0.38,0.475,0.283,0.266,0.211,0.68,4.0,,0.38,0.0
2026-05-07,671289,Tyler Freeman,COL,hr,probable_recent,2,NO,2026-05-07T04:11:58.978242+00:00,0,0.0,0.0636,,,,,,0.0,98.1535156,88.0,0.0,0.0,0.348,0.327,0.327,0.289,0.137,1.42,4.68,,0.38,0.0
2026-05-07,671732,Lawrence Butler,ATH,hr,probable_recent,8,LEAN,2026-05-07T04:11:58.969897+00:00,0,0.0,0.0997,+1,0.5,0.9901,-0.8904,DraftKings,0.045,103.189545882,90.0,0.0,0.0,0.303,0.457,0.257,0.239,0.299,0.93,4.03,,0.62,0.0
2026-05-07,672515,Gabriel Moreno,AZ,hr,probable_recent,8,LEAN,2026-05-07T04:11:58.969897+00:00,0,0.0,0.0939,,,,,,0.086,100.451904762,88.6,0.0,0.0,0.346,0.476,0.405,0.266,0.225,0.22,3.76,,0.38,0.0
2026-05-07,672580,Maikel Garcia,KC,hr,probable_recent,1,LEAN,2026-05-07T04:11:58.968887+00:00,0,0.0,0.1037,+2,0.5,0.9804,-0.8767,DraftKings,0.054,101.046990556,90.3,0.0,0.0,0.333,0.445,0.336,0.274,0.168,2.02,5.63,,0.38,0.0
2026-05-07,672640,Otto Lopez,MIA,hr,probable_recent,8,LEAN,2026-05-07T04:11:58.966877+00:00,0,0.0,0.1211,+2,0.5,0.9804,-0.8593,DraftKings,0.073,101.996714561,91.5,0.0,0.0,0.351,0.465,0.298,0.298,0.225,1.65,4.94,,0.38,0.0
2026-05-07,672695,Geraldo Perdomo,AZ,hr,probable_recent,1,NO,2026-05-07T04:11:58.978242+00:00,0,0.0,0.0616,,,,,,0.023,96.822309556,86.6,0.0,0.0,0.325,0.298,0.34,0.245,0.11,0.22,3.76,,0.55,0.0
2026-05-07,673962,Josh Jung,TEX,hr,probable_recent,4,LEAN,2026-05-07T04:11:58.968887+00:00,0,0.0,0.1059,+1,0.5,0.9901,-0.8933,DraftKings,0.038,100.589533333,90.3,0.0,0.0,0.372,0.485,0.436,0.319,0.162,1.4,4.68,,0.38,0.0
2026-05-07,676356,Jonny DeLuca,TB,hr,probable_recent,5,LEAN,2026-05-07T04:11:58.973138+00:00,0,0.0,0.0891,,,,,,0.039,99.398532759,88.0,0.0,0.0,0.297,0.333,0.283,0.264,0.228,1.8,10.26,,0.38,0.0
2026-05-07,676475,Alec Burleson,STL,hr,probable_recent,3,LEAN,2026-05-07T04:11:58.968887+00:00,1,1.0,0.1155,+1,0.5,0.9901,-0.8746,DraftKings,0.092,101.711917321,91.1,0.0,0.0,0.384,0.464,0.304,0.275,0.189,0.68,4.0,,0.62,0.0
2026-05-07,676609,José Caballero,NYY,hr,probable_recent,9,NO,2026-05-07T04:11:58.978242+00:00,0,0.0,0.0538,,,,,,0.023,96.763373111,83.5,0.0,0.0,0.268,0.302,0.292,0.221,0.276,1.3,4.29,,0.38,0.0
2026-05-07,677587,Brayan Rocchio,CLE,hr,probable_recent,7,NO,2026-05-07T04:11:58.988084+00:00,0,0.0,0.0511,+1,0.5,0.9901,-0.939,DraftKings,0.015,96.611205,85.2,0.0,0.0,0.303,0.282,0.248,0.25,0.213,0.21,4.09,,0.55,0.0
2026-05-07,677588,José Tena,WSH,hr,probable_recent,6,LEAN,2026-05-07T04:11:58.968887+00:00,0,0.0,0.108,,,,,,0.031,101.7650115,91.3,0.0,0.0,0.301,0.475,0.425,0.239,0.336,2.08,5.2,,0.62,0.0
2026-05-07,677649,Ezequiel Duran,TEX,hr,probable_recent,2,LEAN,2026-05-07T04:11:58.968887+00:00,1,1.0,0.103,+1,0.5,0.9901,-0.8962,DraftKings,0.037,101.017249286,91.1,0.0,0.0,0.318,0.424,0.305,0.268,0.312,1.4,4.68,,0.38,0.0
2026-05-07,677800,Wilyer Abreu,BOS,hr,probable_recent,3,LEAN,2026-05-07T04:11:58.968887+00:00,0,0.0,0.113,+1,0.5,0.9901,-0.8637,DraftKings,0.08,101.6130225,90.2,0.0,0.0,0.376,0.471,0.327,0.287,0.206,0.0,0.0,,0.62,0.0
2026-05-07,677870,Leo Jiménez,MIA,hr,official,8,NO,2026-05-07T22:01:11.334157+00:00,0,0.0,0.0715,,,,,,0.0,95.520407143,86.8,0.0,0.0,0.317,0.308,0.154,0.206,0.207,1.65,4.93,,0.38,0.0
2026-05-07,677950,Alek Thomas,AZ,hr,probable_recent,9,LEAN,2026-05-07T04:11:58.976719+00:00,0,0.0,0.0822,,,,,,0.052,100.19156697,89.5,0.0,0.0,0.29,0.42,0.362,0.232,0.269,0.22,3.76,,0.62,0.0
2026-05-07,677951,Bobby Witt Jr.,KC,hr,probable_recent,2,LEAN,2026-05-07T04:11:58.964868+00:00,1,1.0,0.1315,+2,0.5,0.9804,-0.8489,DraftKings,0.086,103.457864211,92.7,0.0,0.0,0.387,0.504,0.374,0.306,0.25,2.02,5.63,,0.38,0.0
2026-05-07,678489,Jorge Barrosa,AZ,hr,official,7,NO,2026-05-07T18:30:50.392990+00:00,0,0.0,0.0582,,,,,,0.053,94.839902857,86.3,0.0,0.0,0.226,0.204,0.388,0.172,0.233,0.22,3.75,,0.55,0.0
2026-05-07,678554,Curtis Mead,WSH,hr,probable_recent,3,LEAN,2026-05-07T04:11:58.968887+00:00,0,0.0,0.1131,+1,0.5,0.9901,-0.877,DraftKings,0.071,100.570549355,88.8,0.0,0.0,0.352,0.452,0.274,0.26,0.169,2.08,5.2,,0.38,0.0
2026-05-07,678882,Ceddanne Rafaela,BOS,hr,probable_recent,6,NO,2026-05-07T04:11:58.977231+00:00,0,0.0,0.0775,+1,0.5,0.9901,-0.8992,DraftKings,0.047,98.28997814,87.9,0.0,0.0,0.299,0.386,0.375,0.245,0.268,0.0,0.0,,0.38,0.0
2026-05-07,679822,Justin Foscue,TEX,hr,official,9,NO,2026-05-07T18:30:50.393989+00:00,0,0.0,0.03,,,,,,0.0,0.0,0.0,0.0,0.0,0.042,0.0,0.0,0.045,0.0,0.0,3.57,,0.38,0.0
2026-05-07,679845,Nick Loftin,KC,hr,probable_recent,8,NO,2026-05-07T04:11:58.977231+00:00,0,0.0,0.0726,,,,,,0.024,96.941581875,86.2,0.0,0.0,0.324,0.344,0.25,0.253,0.098,2.02,5.63,,0.38,0.0
2026-05-07,680474,Max Schuemann,NYY,hr,official,8,NO,2026-05-07T18:30:50.393989+00:00,0,0.0,0.034,,,,,,0.0,0.0,0.0,0.0,0.0,0.353,0.0,0.0,0.001,0.0,1.13,4.28,,0.38,0.0
2026-05-07,680574,Matt McLain,CIN,hr,probable_recent,9,NO,2026-05-07T04:11:58.977231+00:00,0,0.0,0.0799,+1,0.5,0.9901,-0.9102,DraftKings,0.048,97.468874889,87.7,0.0,0.0,0.309,0.3,0.333,0.219,0.248,0.65,2.83,,0.38,0.0
2026-05-07,680728,Adrian Del Castillo,AZ,hr,probable_recent,4,NO,2026-05-07T04:11:58.977231+00:00,0,0.0,0.0769,,,,,,0.056,98.874981304,88.8,0.0,0.0,0.272,0.413,0.37,0.216,0.285,0.22,3.76,,0.62,0.0
2026-05-07,680757,Steven Kwan,CLE,hr,official,1,LEAN,2026-05-07T18:30:50.389989+00:00,0,0.0,0.1082,,,,,,0.7,91.735730526,82.4,0.0,0.0,0.281,0.111,0.339,0.23,0.073,0.2,4.08,,0.62,0.0
2026-05-07,680776,Jarren Duran,BOS,hr,probable_recent,1,LEAN,2026-05-07T04:11:58.969897+00:00,0,0.0,0.1027,+1,0.5,0.9901,-0.874,DraftKings,0.076,102.373233023,90.1,0.0,0.0,0.296,0.42,0.261,0.229,0.342,0.0,0.0,,0.62,0.0
2026-05-07,680777,Ryan Jeffers,MIN,hr,probable_recent,5,LEAN,2026-05-07T04:11:58.964868+00:00,1,1.0,0.1284,+1,0.5,0.9901,-0.8617,DraftKings,0.1,102.038311622,91.1,0.0,0.0,0.377,0.405,0.365,0.254,0.176,1.04,4.81,,0.38,0.0
2026-05-07,680869,Zack Gelof,ATH,hr,probable_recent,9,LEAN,2026-05-07T04:11:58.968887+00:00,1,1.0,0.1046,+1,0.5,0.9901,-0.8855,DraftKings,0.042,100.4731525,92.0,0.0,0.0,0.326,0.429,0.286,0.266,0.294,0.93,4.03,,0.38,0.0
2026-05-07,681082,Bryson Stott,PHI,hr,probable_recent,8,LEAN,2026-05-07T04:11:58.969897+00:00,0,0.0,0.1003,,,,,,0.053,99.11696907,90.5,0.0,0.0,0.297,0.437,0.299,0.243,0.17,1.23,3.76,,0.62,0.0
2026-05-07,681198,TJ Rumfield,COL,hr,probable_recent,3,NO,2026-05-07T04:11:58.977231+00:00,0,0.0,0.0747,,,,,,0.063,99.090962407,86.2,0.0,0.0,0.336,0.385,0.376,0.269,0.204,1.42,4.68,,0.62,0.0
2026-05-07,681297,Colton Cowser,BAL,hr,probable_recent,7,NO,2026-05-07T04:11:58.977231+00:00,0,0.0,0.072,+1,0.5,0.9901,-0.9181,DraftKings,0.051,100.131277273,86.0,0.0,0.0,0.274,0.386,0.25,0.187,0.376,0.49,3.89,,0.62,0.0
2026-05-07,681393,Connor Norby,MIA,hr,probable_recent,3,LEAN,2026-05-07T04:11:58.973138+00:00,0,0.0,0.0914,+1,0.5,0.9901,-0.8987,DraftKings,0.057,97.968791471,88.2,0.0,0.0,0.304,0.382,0.338,0.205,0.317,1.65,4.94,,0.38,0.0
2026-05-07,681546,James Outman,MIN,hr,probable_recent,1,NO,2026-05-07T04:11:58.988084+00:00,0,0.0,0.0358,,,,,,0.0,93.234311,82.8,0.0,0.0,0.187,0.263,0.263,0.15,0.375,1.04,4.81,,0.62,0.0
2026-05-07,681715,Heriberto Hernández,MIA,hr,official,5,LEAN,2026-05-07T22:01:11.334157+00:00,0,0.0,0.0944,,,,,,0.027,100.1009704,89.0,0.0,0.0,0.295,0.408,0.204,0.217,0.295,1.65,4.93,,0.38,0.0
2026-05-07,682177,Daniel Schneemann,CLE,hr,probable_recent,6,LEAN,2026-05-07T04:11:58.973138+00:00,0,0.0,0.0907,+1,0.5,0.9901,-0.8994,DraftKings,0.059,99.523366774,90.0,0.0,0.0,0.338,0.417,0.426,0.258,0.34,0.21,4.09,,0.62,0.0
2026-05-07,682626,Francisco Alvarez,NYM,hr,probable_recent,8,LEAN,2026-05-07T04:11:58.969897+00:00,0,0.0,0.0989,,,,,,0.1,100.971217838,89.5,0.0,0.0,0.332,0.411,0.26,0.231,0.274,1.85,5.31,,0.38,0.0
2026-05-07,682829,Elly De La Cruz,CIN,hr,probable_recent,3,LEAN,2026-05-07T04:11:58.964868+00:00,0,0.0,0.1368,+1,0.5,0.9901,-0.8533,DraftKings,0.088,105.050302979,93.8,0.0,0.0,0.367,0.505,0.309,0.267,0.3,0.65,2.83,,0.55,0.0
2026-05-07,682928,CJ Abrams,WSH,hr,probable_recent,4,LEAN,2026-05-07T04:11:58.966877+00:00,0,0.0,0.1214,+1,0.5,0.9901,-0.8687,DraftKings,0.075,100.53343449,89.3,0.0,0.0,0.381,0.423,0.32,0.275,0.291,2.08,5.2,,0.62,0.0
2026-05-07,682998,Corbin Carroll,AZ,hr,probable_recent,3,LEAN,2026-05-07T04:11:58.969897+00:00,1,1.0,0.0931,,,,,,0.067,100.058477692,89.7,0.0,0.0,0.343,0.397,0.308,0.237,0.339,0.22,3.76,,0.62,0.0
2026-05-07,683002,Gunnar Henderson,BAL,hr,probable_recent,1,LEAN,2026-05-07T04:11:58.969897+00:00,0,0.0,0.0946,+1,0.5,0.9901,-0.8955,DraftKings,0.061,100.576859,89.9,0.0,0.0,0.298,0.46,0.35,0.225,0.272,0.49,3.89,,0.62,0.0
2026-05-07,683083,Nasim Nuñez,WSH,hr,probable_recent,9,NO,2026-05-07T04:11:58.978242+00:00,0,0.0,0.0564,,,,,,0.0,93.529685385,84.6,0.0,0.0,0.287,0.171,0.341,0.228,0.203,2.08,5.2,,0.55,0.0
2026-05-07,683146,Brett Baty,NYM,hr,probable_recent,5,NO,2026-05-07T04:11:58.977231+00:00,0,0.0,0.0789,,,,,,0.045,99.443748857,89.4,0.0,0.0,0.281,0.357,0.286,0.218,0.288,1.85,5.31,,0.62,0.0
2026-05-07,683737,Michael Busch,CHC,hr,probable_recent,6,LEAN,2026-05-07T04:11:58.977231+00:00,0,0.0,0.08,+1,0.5,0.9901,-0.9101,DraftKings,0.058,98.4443602,86.9,0.0,0.0,0.312,0.374,0.303,0.223,0.246,0.25,4.65,,0.62,0.0
2026-05-07,683953,Travis Bazzana,CLE,hr,official,6,LEAN,2026-05-07T18:30:50.391990+00:00,0,0.0,0.0884,,,,,,0.0,100.240606667,91.5,0.0,0.0,0.352,0.412,0.316,0.286,0.213,0.2,4.08,,0.62,0.0
2026-05-07,686469,Vinnie Pasquantino,KC,hr,probable_recent,5,LEAN,2026-05-07T04:11:58.969897+00:00,1,1.0,0.101,+1,0.5,0.9901,-0.8891,DraftKings,0.068,99.769011224,89.3,0.0,0.0,0.311,0.394,0.354,0.229,0.173,2.02,5.63,,0.62,0.0
2026-05-07,686555,Isaac Collins,KC,hr,probable_recent,7,LEAN,2026-05-07T04:11:58.969897+00:00,0,0.0,0.0966,+1,0.5,0.9901,-0.8935,DraftKings,0.045,100.9122125,89.5,0.0,0.0,0.314,0.413,0.317,0.232,0.267,2.02,5.63,,0.55,0.0
2026-05-07,686681,Michael Massey,KC,hr,official,8,LEAN,2026-05-07T18:30:50.389989+00:00,0,0.0,0.1066,,,,,,0.071,98.6593868,90.0,0.0,0.0,0.271,0.408,0.306,0.199,0.28,2.02,5.62,,0.62,0.0
2026-05-07,686797,Brooks Lee,MIN,hr,probable_recent,2,NO,2026-05-07T04:11:58.977231+00:00,0,0.0,0.0751,+1,0.5,0.9901,-0.915,DraftKings,0.04,96.730192889,87.7,0.0,0.0,0.264,0.308,0.341,0.212,0.219,1.04,4.81,,0.55,0.0
2026-05-07,687363,Victor Scott II,STL,hr,probable_recent,9,LEAN,2026-05-07T04:11:58.964868+00:00,0,0.0,0.1286,+1,0.5,0.9901,-0.8615,DraftKings,1.0,97.299663929,87.7,0.0,0.0,0.26,0.279,0.279,0.214,0.3,0.68,4.0,,0.62,0.0
2026-05-07,687462,Spencer Horwitz,PIT,hr,official,5,NO,2026-05-07T18:30:50.392990+00:00,0,0.0,0.0599,,,,,,0.025,96.333135116,85.9,0.0,0.0,0.313,0.282,0.259,0.222,0.164,0.56,5.2,,0.62,0.0
2026-05-07,687637,Dylan Beavers,BAL,hr,official,3,LEAN,2026-05-07T22:01:11.334157+00:00,0,0.0,0.087,,,,,,0.038,99.869607647,88.3,0.0,0.0,0.303,0.42,0.319,0.226,0.237,0.49,3.89,,0.62,0.0
2026-05-07,687859,Troy Johnston,COL,hr,probable_recent,6,NO,2026-05-07T04:11:58.977231+00:00,0,0.0,0.0709,,,,,,0.017,98.96034975,89.1,0.0,0.0,0.318,0.398,0.446,0.261,0.229,1.42,4.68,,0.62,0.0
2026-05-07,689414,Liam Hicks,MIA,hr,probable_recent,2,LEAN,2026-05-07T04:11:58.968887+00:00,1,1.0,0.108,+1,0.5,0.9901,-0.8821,DraftKings,0.066,99.404413061,88.5,0.0,0.0,0.381,0.414,0.343,0.322,0.097,1.65,4.94,,0.62,0.0
2026-05-07,690984,Petey Halpin,CLE,hr,probable_recent,9,NO,2026-05-07T04:11:58.988084+00:00,0,0.0,0.03,,,,,,0.0,0.0,0.0,0.0,0.0,0.115,0.0,0.0,0.119,0.0,0.21,4.09,,0.62,0.0
2026-05-07,691016,Tyler Soderstrom,ATH,hr,probable_recent,3,LEAN,2026-05-07T04:11:58.966877+00:00,0,0.0,0.1194,+1,0.5,0.9901,-0.8707,DraftKings,0.092,102.528845625,90.5,0.0,0.0,0.334,0.5,0.302,0.244,0.244,0.93,4.03,,0.62,0.0
2026-05-07,691023,Jordan Walker,STL,hr,probable_recent,4,LEAN,2026-05-07T04:11:58.962852+00:00,0,0.0,0.145,+1,0.5,0.9901,-0.8451,DraftKings,0.123,106.879906364,95.7,0.0,0.0,0.405,0.591,0.42,0.293,0.341,0.68,4.0,,0.38,0.0
2026-05-07,691026,Masyn Winn,STL,hr,probable_recent,6,NO,2026-05-07T04:11:58.978242+00:00,0,0.0,0.0616,+1,0.5,0.9901,-0.9285,DraftKings,0.023,96.985052045,86.3,0.0,0.0,0.316,0.27,0.348,0.267,0.208,0.68,4.0,,0.38,0.0
2026-05-07,691406,Junior Caminero,TB,hr,probable_recent,3,LEAN,2026-05-07T04:11:58.966877+00:00,1,1.0,0.1262,,,,,,0.073,103.975131132,90.9,0.0,0.0,0.361,0.429,0.245,0.268,0.213,1.8,10.26,,0.38,0.0
2026-05-07,691594,Javier Sanoja,MIA,hr,probable_recent,9,NO,2026-05-07T04:11:58.977231+00:00,0,0.0,0.0696,+1,0.5,0.9901,-0.9205,DraftKings,0.013,97.850860333,87.5,0.0,0.0,0.26,0.322,0.254,0.224,0.147,1.65,4.94,,0.38,0.0
2026-05-07,691718,Pete Crow-Armstrong,CHC,hr,probable_recent,8,LEAN,2026-05-07T04:11:58.968887+00:00,0,0.0,0.1043,+1,0.5,0.9901,-0.8858,DraftKings,0.054,102.704207778,91.8,0.0,0.0,0.304,0.463,0.242,0.236,0.284,0.25,4.65,,0.62,0.0
2026-05-07,691720,Kyle Karros,COL,hr,probable_recent,7,LEAN,2026-05-07T04:11:58.976145+00:00,0,0.0,0.0849,,,,,,0.042,100.011029429,90.4,0.0,0.0,0.35,0.394,0.465,0.261,0.24,1.42,4.68,,0.38,0.0
2026-05-07,691723,Coby Mayo,BAL,hr,official,8,LEAN,2026-05-07T22:01:11.334157+00:00,0,0.0,0.0899,,,,,,0.04,102.472713226,89.2,0.0,0.0,0.271,0.387,0.242,0.204,0.326,0.49,3.89,,0.38,0.0
2026-05-07,691781,Brady House,WSH,hr,probable_recent,5,LEAN,2026-05-07T04:11:58.968887+00:00,0,0.0,0.1121,,,,,,0.07,101.393764872,89.7,0.0,0.0,0.305,0.41,0.282,0.236,0.343,2.08,5.2,,0.38,0.0
2026-05-07,691785,Marcelo Mayer,BOS,hr,probable_recent,7,LEAN,2026-05-07T04:11:58.976145+00:00,0,0.0,0.0861,+1,0.5,0.9901,-0.8906,DraftKings,0.059,99.557903889,88.3,0.0,0.0,0.298,0.438,0.329,0.233,0.267,0.0,0.0,,0.62,0.0
2026-05-07,694208,Moisés Ballesteros,CHC,hr,official,2,LEAN,2026-05-07T18:30:50.389989+00:00,0,0.0,0.1122,,,,,,0.09,101.086997027,90.3,0.0,0.0,0.346,0.479,0.397,0.265,0.263,0.25,4.64,,0.62,0.0
2026-05-07,694212,Samuel Basallo,BAL,hr,probable_recent,5,LEAN,2026-05-07T04:11:58.968887+00:00,0,0.0,0.114,,,,,,0.065,103.713003235,92.3,0.0,0.0,0.331,0.478,0.319,0.25,0.354,0.49,3.89,,0.62,0.0
2026-05-07,694362,Blake Dunn,CIN,hr,probable_recent,5,NO,2026-05-07T04:11:58.988084+00:00,1,1.0,0.03,+1,0.5,0.9901,-0.9601,DraftKings,0.0,0.0,0.0,0.0,0.0,0.0,0.0,0.0,0.0,0.0,0.65,2.83,,0.38,0.0
2026-05-07,694497,Evan Carter,TEX,hr,probable_recent,5,LEAN,2026-05-07T04:11:58.973138+00:00,0,0.0,0.0898,+1,0.5,0.9901,-0.9094,DraftKings,0.048,98.605917838,87.8,0.0,0.0,0.311,0.372,0.372,0.21,0.255,1.4,4.68,,0.62,0.0
2026-05-07,695257,Billy Cook,PIT,hr,probable_recent,4,NO,2026-05-07T04:11:58.988084+00:00,0,0.0,0.0303,,,,,,0.0,97.233076667,0.0,0.0,0.0,0.199,0.25,0.25,0.21,0.357,0.56,5.2,,0.38,0.0
2026-05-07,695391,Brett Harris,ATH,hr,probable_recent,5,NO,2026-05-07T04:11:58.988084+00:00,0,0.0,0.03,,,,,,0.0,0.0,0.0,0.0,0.0,0.305,0.0,0.0,0.029,0.0,0.93,4.03,,0.38,0.0
2026-05-07,695506,Jac Caglianone,KC,hr,probable_recent,3,LEAN,2026-05-07T04:11:58.964868+00:00,0,0.0,0.1341,+1,0.5,0.9901,-0.856,DraftKings,0.093,106.215524706,93.6,0.0,0.0,0.331,0.544,0.338,0.242,0.332,2.02,5.63,,0.62,0.0
2026-05-07,695578,James Wood,WSH,hr,probable_recent,1,YES,2026-05-07T04:11:58.962852+00:00,0,0.0,0.1752,+1,0.5,0.9901,-0.8149,DraftKings,0.135,108.048895366,96.5,0.0,0.0,0.42,0.598,0.39,0.265,0.355,2.08,5.2,,0.62,0.0
2026-05-07,695600,Carter Jensen,KC,hr,official,5,LEAN,2026-05-07T18:30:50.388989+00:00,0,0.0,0.1199,,,,,,0.065,102.436500857,91.4,0.0,0.0,0.304,0.457,0.329,0.209,0.357,2.02,5.62,,0.62,0.0
2026-05-07,695734,Daylen Lile,WSH,hr,probable_recent,2,LEAN,2026-05-07T04:11:58.969897+00:00,0,0.0,0.0931,+1,0.5,0.9901,-0.897,DraftKings,0.039,98.016350179,87.4,0.0,0.0,0.336,0.378,0.402,0.28,0.247,2.08,5.2,,0.62,0.0
2026-05-07,696030,Alejandro Osuna,TEX,hr,probable_recent,8,LEAN,2026-05-07T04:11:58.977231+00:00,0,0.0,0.0812,,,,,,0.0,98.497941667,88.3,0.0,0.0,0.349,0.308,0.308,0.243,0.163,1.4,4.68,,0.62,0.0
2026-05-07,696285,Jacob Young,WSH,hr,probable_recent,7,LEAN,2026-05-07T04:11:58.976145+00:00,0,0.0,0.0881,+1,0.5,0.9901,-0.902,DraftKings,0.033,97.594724667,88.4,0.0,0.0,0.293,0.326,0.391,0.266,0.225,2.08,5.2,,0.38,0.0
2026-05-07,699912,Jose Fernandez,AZ,hr,official,6,LEAN,2026-05-07T18:30:50.392990+00:00,0,0.0,0.0804,,,,,,0.041,101.883987714,89.3,0.0,0.0,0.301,0.451,0.282,0.257,0.267,0.22,3.75,,0.38,0.0
2026-05-07,700932,Kyle Manzardo,CLE,hr,probable_recent,4,NO,2026-05-07T04:11:58.977231+00:00,0,0.0,0.0772,+1,0.5,0.9901,-0.9129,DraftKings,0.054,97.861145625,89.0,0.0,0.0,0.285,0.344,0.375,0.215,0.33,0.21,4.09,,0.62,0.0
2026-05-07,701398,Sal Stewart,CIN,hr,official,4,LEAN,2026-05-07T18:30:50.388989+00:00,1,1.0,0.128,,,,,,0.119,101.229607963,90.6,0.0,0.0,0.378,0.411,0.357,0.271,0.25,0.64,2.82,,0.38,0.0
2026-05-07,701538,Jackson Merrill,SD,hr,probable_recent,1,LEAN,2026-05-07T04:11:58.968887+00:00,0,0.0,0.1045,+1,0.5,0.9901,-0.8856,DraftKings,0.069,100.971925,89.6,0.0,0.0,0.316,0.465,0.323,0.239,0.269,2.0,5.81,,0.62,0.0
2026-05-07,701762,Nick Kurtz,ATH,hr,official,1,LEAN,2026-05-07T22:01:11.333116+00:00,0,0.0,0.1329,,,,,,0.08,106.030657105,94.7,0.0,0.0,0.39,0.579,0.421,0.252,0.362,0.93,4.02,,0.62,0.0
2026-05-07,701807,Carson Benge,NYM,hr,probable_recent,7,LEAN,2026-05-07T04:11:58.976145+00:00,0,0.0,0.0864,,,,,,0.037,100.987312368,91.0,0.0,0.0,0.304,0.44,0.36,0.237,0.223,1.85,5.31,,0.62,0.0
2026-05-07,702222,Justin Crawford,PHI,hr,probable_recent,9,LEAN,2026-05-07T04:11:58.962852+00:00,0,0.0,0.1493,+1,0.5,0.9901,-0.8408,DraftKings,0.9,98.087226,88.1,0.0,0.0,0.285,0.354,0.329,0.245,0.201,1.23,3.76,,0.62,0.0
2026-05-07,702332,Caleb Durbin,BOS,hr,probable_recent,9,LEAN,2026-05-07T04:11:58.966877+00:00,0,0.0,0.1246,+1,0.5,0.9901,-0.8521,DraftKings,0.8,96.357394792,85.4,0.0,0.0,0.27,0.289,0.216,0.22,0.138,0.0,0.0,,0.38,0.0
2026-05-07,800050,Chase DeLauter,CLE,hr,probable_recent,2,LEAN,2026-05-07T04:11:58.969897+00:00,0,0.0,0.0964,+1,0.5,0.9901,-0.8937,DraftKings,0.06,100.512836863,89.9,0.0,0.0,0.378,0.402,0.398,0.298,0.162,0.21,4.09,,0.62,0.0
2026-05-07,802139,JJ Wetherholt,STL,hr,probable_recent,1,LEAN,2026-05-07T04:11:58.969897+00:00,0,0.0,0.0985,+1,0.5,0.9901,-0.8916,DraftKings,0.062,99.750889444,90.3,0.0,0.0,0.361,0.454,0.37,0.236,0.246,0.68,4.0,,0.62,0.0
2026-05-07,802415,Chandler Simpson,TB,hr,probable_recent,7,NO,2026-05-07T04:11:58.988084+00:00,0,0.0,0.0484,,,,,,0.0,93.080752167,83.9,0.0,0.0,0.266,0.15,0.297,0.262,0.11,1.8,10.26,,0.62,0.0
2026-05-07,804606,Konnor Griffin,PIT,hr,probable_recent,6,LEAN,2026-05-07T04:11:58.973138+00:00,0,0.0,0.0895,,,,,,0.068,100.583879189,88.8,0.0,0.0,0.327,0.351,0.338,0.242,0.345,0.56,5.2,,0.38,0.0
2026-05-07,805300,Jakob Marsee,MIA,hr,probable_recent,5,NO,2026-05-07T04:11:58.977231+00:00,0,0.0,0.0758,,,,,,0.013,98.965505,87.8,0.0,0.0,0.277,0.379,0.284,0.196,0.189,1.65,4.94,,0.62,0.0
2026-05-07,805779,Jacob Wilson,ATH,hr,probable_recent,2,NO,2026-05-07T04:11:58.978242+00:00,1,1.0,0.0534,+2,0.5,0.9804,-0.927,DraftKings,0.014,96.256886825,84.8,0.0,0.0,0.274,0.297,0.313,0.268,0.156,0.93,4.03,,0.38,0.0
2026-05-07,807712,Luke Keaschall,MIN,hr,probable_recent,7,NO,2026-05-07T04:11:58.978242+00:00,0,0.0,0.0583,+1,0.5,0.9901,-0.9318,DraftKings,0.027,95.927635273,84.6,0.0,0.0,0.284,0.252,0.306,0.227,0.129,1.04,4.81,,0.38,0.0
2026-05-07,807799,Masataka Yoshida,BOS,hr,probable_recent,5,NO,2026-05-07T04:11:58.977231+00:00,0,0.0,0.0722,+1,0.5,0.9901,-0.9045,DraftKings,0.0,99.499447083,89.7,0.0,0.0,0.289,0.426,0.191,0.209,0.126,0.0,0.0,,0.62,0.0
2026-05-07,810938,Ben Williamson,TB,hr,probable_recent,6,NO,2026-05-07T04:11:58.978242+00:00,0,0.0,0.054,,,,,,0.0,0.0,0.0,0.0,0.0,0.544,0.0,0.0,0.309,0.0,1.8,10.26,,0.38,0.0
